Date,Close,High,Low,Open,Volume
2014-01-02,1225.0,1227.300048828125,1204.300048828125,1204.300048828125,209
2014-01-03,1238.4000244140625,1239.0,1221.699951171875,1221.699951171875,142
2014-01-06,1237.800048828125,1247.0,1221.9000244140625,1232.800048828125,127
2014-01-07,1229.4000244140625,1242.4000244140625,1226.300048828125,1239.300048828125,73
2014-01-08,1225.300048828125,1227.5,1218.5999755859375,1227.5,189
2014-01-09,1229.300048828125,1229.300048828125,1225.800048828125,1225.800048828125,7
2014-01-10,1246.699951171875,1246.800048828125,1234.0,1235.0,58
2014-01-13,1250.9000244140625,1252.699951171875,1245.5,1250.5999755859375,46
2014-01-14,1245.199951171875,1251.300048828125,1242.0,1251.0,37
2014-01-15,1238.0999755859375,1243.199951171875,1238.0999755859375,1243.0999755859375,68
2014-01-16,1240.0,1242.800048828125,1239.0,1239.300048828125,48
2014-01-17,1251.699951171875,1254.300048828125,1239.699951171875,1239.699951171875,101
2014-01-21,1242.300048828125,1257.5,1240.0,1256.4000244140625,224
2014-01-22,1239.0,1242.0,1239.0,1241.699951171875,58
2014-01-23,1262.5999755859375,1264.199951171875,1235.199951171875,1235.199951171875,40
2014-01-24,1264.5,1269.4000244140625,1258.300048828125,1258.300048828125,38
2014-01-27,1263.5999755859375,1264.4000244140625,1254.4000244140625,1259.800048828125,92
2014-01-28,1251.0,1258.4000244140625,1251.0,1257.9000244140625,20
2014-01-29,1262.199951171875,1262.199951171875,1262.199951171875,1262.199951171875,137028
2014-01-30,1242.199951171875,1267.699951171875,1237.5,1267.0,45276
2014-01-31,1240.0999755859375,1254.5,1238.4000244140625,1243.5999755859375,5820
2014-02-03,1260.4000244140625,1266.300048828125,1241.199951171875,1242.4000244140625,2914
2014-02-04,1251.699951171875,1260.699951171875,1247.800048828125,1258.4000244140625,1745
2014-02-05,1257.300048828125,1273.699951171875,1253.0999755859375,1254.0,1616
2014-02-06,1257.5999755859375,1267.0,1253.5,1258.0,274
2014-02-07,1263.300048828125,1271.4000244140625,1257.9000244140625,1258.300048828125,436
2014-02-10,1274.800048828125,1277.300048828125,1265.699951171875,1269.5999755859375,742
2014-02-11,1290.0999755859375,1292.0,1273.800048828125,1274.0,562
2014-02-12,1295.300048828125,1296.199951171875,1285.5,1290.5,140
2014-02-13,1300.4000244140625,1303.5,1287.5,1293.300048828125,877
2014-02-14,1319.0,1320.699951171875,1301.699951171875,1301.699951171875,308
2014-02-18,1324.699951171875,1330.5999755859375,1313.9000244140625,1322.9000244140625,373
2014-02-19,1320.5999755859375,1321.5999755859375,1309.0999755859375,1318.300048828125,193
2014-02-20,1317.0999755859375,1323.5,1309.5999755859375,1310.699951171875,116
2014-02-21,1323.9000244140625,1328.300048828125,1317.4000244140625,1320.0,171
2014-02-24,1338.300048828125,1339.0,1321.4000244140625,1324.300048828125,93
2014-02-25,1343.0,1343.9000244140625,1333.0999755859375,1336.4000244140625,290
2014-02-26,1328.199951171875,1342.0,1325.5999755859375,1341.199951171875,485
2014-02-27,1331.5999755859375,1335.0,1324.5999755859375,1329.300048828125,369
2014-02-28,1321.4000244140625,1332.5999755859375,1321.0999755859375,1329.800048828125,239
2014-03-03,1350.0999755859375,1354.0999755859375,1332.9000244140625,1335.9000244140625,232
2014-03-04,1337.800048828125,1350.4000244140625,1332.199951171875,1350.4000244140625,80
2014-03-05,1340.199951171875,1341.0,1334.800048828125,1334.800048828125,32
2014-03-06,1351.699951171875,1351.699951171875,1333.300048828125,1338.0,59
2014-03-07,1338.0999755859375,1352.699951171875,1329.199951171875,1349.5,97
2014-03-10,1341.4000244140625,1344.699951171875,1330.5,1336.0,97
2014-03-11,1346.5,1352.4000244140625,1338.0999755859375,1340.0,53
2014-03-12,1370.300048828125,1370.5,1348.699951171875,1349.0999755859375,58
2014-03-13,1372.199951171875,1374.5,1366.5,1366.800048828125,23
2014-03-14,1379.0,1386.5999755859375,1371.0999755859375,1376.0999755859375,91
2014-03-17,1372.9000244140625,1391.4000244140625,1372.199951171875,1386.0999755859375,29
2014-03-18,1359.0,1361.800048828125,1353.4000244140625,1359.300048828125,35
2014-03-19,1341.4000244140625,1358.0,1332.699951171875,1357.0999755859375,57
2014-03-20,1330.5,1333.699951171875,1325.800048828125,1333.699951171875,72
2014-03-21,1336.0,1339.0999755859375,1335.800048828125,1339.0999755859375,3
2014-03-24,1311.199951171875,1333.0,1310.5,1333.0,103
2014-03-25,1311.4000244140625,1315.5,1307.5,1315.5,46
2014-03-26,1303.4000244140625,1315.199951171875,1303.4000244140625,1315.199951171875,4
2014-03-27,1294.699951171875,1294.699951171875,1294.699951171875,1294.699951171875,185016
2014-03-28,1293.800048828125,1299.4000244140625,1285.9000244140625,1292.199951171875,65486
2014-03-31,1283.4000244140625,1298.800048828125,1282.4000244140625,1294.300048828125,4121
2014-04-01,1279.5999755859375,1287.9000244140625,1277.300048828125,1285.0999755859375,884
2014-04-02,1290.5,1294.0999755859375,1280.199951171875,1280.199951171875,1099
2014-04-03,1284.4000244140625,1293.5,1282.699951171875,1290.800048828125,775
2014-04-04,1303.199951171875,1306.0999755859375,1284.4000244140625,1285.5,976
2014-04-07,1298.0,1304.0,1296.300048828125,1301.4000244140625,361
2014-04-08,1308.699951171875,1314.0999755859375,1296.5999755859375,1296.5999755859375,264
2014-04-09,1305.5,1313.5999755859375,1301.0999755859375,1309.5,191
2014-04-10,1320.0999755859375,1323.800048828125,1311.199951171875,1311.800048828125,127
2014-04-11,1318.699951171875,1322.800048828125,1316.300048828125,1319.0,76
2014-04-14,1327.199951171875,1330.0,1320.0999755859375,1320.0999755859375,328
2014-04-15,1300.0,1322.699951171875,1291.5,1322.699951171875,238
2014-04-16,1303.0999755859375,1303.5,1295.0,1302.699951171875,177
2014-04-17,1293.4000244140625,1303.0,1292.5,1300.0999755859375,124
2014-04-21,1288.0,1299.199951171875,1283.800048828125,1290.0,100
2014-04-22,1280.5999755859375,1291.5999755859375,1276.0,1289.199951171875,100
2014-04-23,1284.199951171875,1287.699951171875,1282.4000244140625,1284.300048828125,176
2014-04-24,1290.5,1297.9000244140625,1272.4000244140625,1284.5999755859375,522
2014-04-25,1300.699951171875,1304.5999755859375,1293.800048828125,1293.800048828125,274
2014-04-28,1298.9000244140625,1305.4000244140625,1293.0,1305.4000244140625,388
2014-04-29,1296.0,1300.5,1289.0999755859375,1295.5,904
2014-04-30,1295.5999755859375,1296.5,1286.5999755859375,1296.0,181
2014-05-01,1283.0999755859375,1288.699951171875,1278.0,1288.699951171875,25
2014-05-02,1302.5999755859375,1302.699951171875,1276.699951171875,1276.699951171875,90
2014-05-05,1309.0,1314.199951171875,1305.5,1305.5999755859375,31
2014-05-06,1308.300048828125,1309.4000244140625,1306.9000244140625,1309.4000244140625,14
2014-05-07,1288.5999755859375,1312.0,1288.0,1310.300048828125,21
2014-05-08,1287.4000244140625,1291.5,1285.5,1291.5,65
2014-05-09,1287.300048828125,1287.300048828125,1287.300048828125,1287.300048828125,3
2014-05-12,1295.5999755859375,1295.9000244140625,1281.199951171875,1282.0999755859375,19
2014-05-13,1294.5999755859375,1295.5,1292.0,1295.5,20
2014-05-14,1305.699951171875,1306.9000244140625,1292.800048828125,1292.800048828125,25
2014-05-15,1293.5,1302.5,1292.800048828125,1302.5,27
2014-05-16,1293.300048828125,1293.300048828125,1293.300048828125,1293.300048828125,8
2014-05-19,1293.699951171875,1293.699951171875,1293.699951171875,1293.699951171875,44
2014-05-20,1294.5,1294.5,1290.0999755859375,1290.699951171875,8
2014-05-21,1288.0,1288.0,1287.4000244140625,1287.4000244140625,2
2014-05-22,1294.9000244140625,1295.0,1294.199951171875,1294.199951171875,4
2014-05-23,1291.5999755859375,1293.4000244140625,1291.5999755859375,1293.199951171875,3
2014-05-27,1265.4000244140625,1291.9000244140625,1265.4000244140625,1291.9000244140625,25
2014-05-28,1259.300048828125,1259.300048828125,1259.300048828125,1259.300048828125,168825
2014-05-29,1256.300048828125,1260.5999755859375,1250.9000244140625,1258.300048828125,38045
2014-05-30,1245.5999755859375,1259.5999755859375,1241.800048828125,1255.0999755859375,3839
2014-06-02,1243.699951171875,1250.699951171875,1240.9000244140625,1250.0,774
2014-06-03,1244.300048828125,1247.5,1240.5,1244.0999755859375,654
2014-06-04,1244.0,1248.800048828125,1242.699951171875,1245.0999755859375,604
2014-06-05,1253.0,1256.5999755859375,1241.199951171875,1244.0,1317
2014-06-06,1252.0999755859375,1256.5999755859375,1246.300048828125,1253.4000244140625,381
2014-06-09,1253.5,1256.0999755859375,1252.5999755859375,1252.699951171875,97
2014-06-10,1259.800048828125,1262.300048828125,1251.0,1252.4000244140625,1007
2014-06-11,1260.800048828125,1264.4000244140625,1259.0999755859375,1259.9000244140625,128
2014-06-12,1273.5999755859375,1274.5,1260.0,1260.0,129
2014-06-13,1273.699951171875,1274.699951171875,1271.300048828125,1272.5,145
2014-06-16,1274.9000244140625,1282.0999755859375,1270.800048828125,1279.800048828125,334
2014-06-17,1271.699951171875,1272.800048828125,1260.9000244140625,1272.800048828125,819
2014-06-18,1272.4000244140625,1272.699951171875,1267.4000244140625,1269.9000244140625,143
2014-06-19,1313.699951171875,1321.0,1277.199951171875,1277.199951171875,601
2014-06-20,1316.199951171875,1321.4000244140625,1306.800048828125,1321.4000244140625,254
2014-06-23,1318.0,1318.0,1312.300048828125,1312.300048828125,142
2014-06-24,1320.9000244140625,1325.5999755859375,1315.5999755859375,1315.5999755859375,223
2014-06-25,1322.199951171875,1323.4000244140625,1312.0,1315.300048828125,294
2014-06-26,1316.0999755859375,1319.5999755859375,1312.4000244140625,1319.5999755859375,1204
2014-06-27,1319.0,1320.9000244140625,1313.300048828125,1317.4000244140625,625
2014-06-30,1321.800048828125,1328.699951171875,1311.800048828125,1315.300048828125,744
2014-07-01,1326.4000244140625,1331.4000244140625,1326.199951171875,1326.699951171875,51
2014-07-02,1330.699951171875,1330.699951171875,1326.800048828125,1326.800048828125,226
2014-07-03,1320.4000244140625,1327.699951171875,1313.0,1327.300048828125,40
2014-07-07,1316.5,1320.300048828125,1313.199951171875,1318.699951171875,93
2014-07-08,1316.0,1323.5,1316.0,1318.4000244140625,6
2014-07-09,1323.800048828125,1330.4000244140625,1323.800048828125,1324.0,16
2014-07-10,1338.699951171875,1343.699951171875,1328.0,1330.5,28
2014-07-11,1337.0,1339.0,1336.199951171875,1337.9000244140625,112
2014-07-14,1306.300048828125,1332.800048828125,1304.699951171875,1332.800048828125,103
2014-07-15,1296.9000244140625,1311.9000244140625,1294.0999755859375,1307.4000244140625,368
2014-07-16,1299.5999755859375,1303.0999755859375,1296.9000244140625,1298.4000244140625,34
2014-07-17,1316.699951171875,1323.800048828125,1303.0999755859375,1303.0999755859375,16
2014-07-18,1309.199951171875,1322.699951171875,1306.199951171875,1322.699951171875,27
2014-07-21,1313.699951171875,1315.5,1311.0,1311.0,18
2014-07-22,1306.0999755859375,1306.0999755859375,1306.0999755859375,1306.0999755859375,2
2014-07-23,1304.5,1304.5,1304.5,1304.5,0
2014-07-24,1290.5999755859375,1297.5,1290.5999755859375,1297.5,1
2014-07-25,1303.0999755859375,1303.0999755859375,1294.800048828125,1294.800048828125,8
2014-07-28,1303.300048828125,1308.0,1303.300048828125,1307.4000244140625,52
2014-07-29,1298.300048828125,1310.9000244140625,1298.300048828125,1310.9000244140625,181554
2014-07-30,1294.9000244140625,1303.0,1291.0,1298.5999755859375,36189
2014-07-31,1281.300048828125,1297.300048828125,1280.5999755859375,1295.0999755859375,5663
2014-08-01,1293.5999755859375,1296.5999755859375,1279.699951171875,1284.0999755859375,1985
2014-08-04,1287.699951171875,1295.0,1285.9000244140625,1294.4000244140625,917
2014-08-05,1284.0,1292.699951171875,1282.5999755859375,1288.0,825
2014-08-06,1306.699951171875,1309.0,1287.800048828125,1288.0999755859375,706
2014-08-07,1310.800048828125,1313.0999755859375,1302.5,1305.300048828125,225
2014-08-08,1308.9000244140625,1321.4000244140625,1308.0,1310.800048828125,586
2014-08-11,1308.5,1309.699951171875,1305.300048828125,1308.4000244140625,194
2014-08-12,1308.800048828125,1315.800048828125,1305.800048828125,1306.199951171875,438
2014-08-13,1312.800048828125,1312.800048828125,1305.0,1308.800048828125,238
2014-08-14,1313.9000244140625,1316.4000244140625,1309.699951171875,1311.800048828125,320
2014-08-15,1304.5,1312.800048828125,1292.0,1311.699951171875,199
2014-08-18,1297.699951171875,1302.0999755859375,1295.699951171875,1301.4000244140625,100
2014-08-19,1295.0999755859375,1301.5999755859375,1294.0,1298.800048828125,144
2014-08-20,1293.4000244140625,1295.800048828125,1288.4000244140625,1295.4000244140625,332
2014-08-21,1273.699951171875,1290.0,1272.0,1290.0,264
2014-08-22,1278.5999755859375,1280.0,1275.0,1276.0,119
2014-08-25,1277.300048828125,1277.5999755859375,1273.699951171875,1277.300048828125,251
2014-08-26,1283.800048828125,1289.5,1281.0999755859375,1289.4000244140625,74
2014-08-27,1281.9000244140625,1282.300048828125,1281.5,1281.5,783
2014-08-28,1288.699951171875,1293.699951171875,1284.300048828125,1284.5,817
2014-08-29,1285.800048828125,1289.699951171875,1284.800048828125,1289.5,116
2014-09-02,1263.699951171875,1286.4000244140625,1262.5,1284.5,280
2014-09-03,1268.9000244140625,1271.0999755859375,1263.0999755859375,1266.300048828125,279
2014-09-04,1265.0999755859375,1272.699951171875,1260.4000244140625,1268.699951171875,290
2014-09-05,1265.800048828125,1268.0999755859375,1263.199951171875,1263.199951171875,123
2014-09-08,1252.699951171875,1268.4000244140625,1252.699951171875,1268.4000244140625,2
2014-09-09,1246.800048828125,1246.800048828125,1246.800048828125,1246.800048828125,0
2014-09-10,1243.5,1256.699951171875,1243.5,1256.699951171875,95
2014-09-11,1237.4000244140625,1237.4000244140625,1237.4000244140625,1237.4000244140625,0
2014-09-12,1229.9000244140625,1229.9000244140625,1227.0,1227.0,47
2014-09-15,1233.5999755859375,1235.0,1226.699951171875,1226.699951171875,21
2014-09-16,1235.199951171875,1238.300048828125,1235.199951171875,1238.300048828125,3
2014-09-17,1234.4000244140625,1236.199951171875,1221.9000244140625,1236.199951171875,10
2014-09-18,1225.699951171875,1225.699951171875,1216.199951171875,1216.199951171875,5
2014-09-19,1215.300048828125,1218.300048828125,1215.300048828125,1218.300048828125,4
2014-09-22,1216.800048828125,1216.800048828125,1212.4000244140625,1214.9000244140625,7
2014-09-23,1221.0,1221.0,1221.0,1221.0,5
2014-09-24,1218.5999755859375,1218.5999755859375,1216.800048828125,1218.5999755859375,2
2014-09-25,1221.199951171875,1221.199951171875,1209.5,1209.5,11
2014-09-26,1214.0999755859375,1214.0999755859375,1214.0999755859375,1214.0999755859375,19497
2014-09-29,1217.5,1222.199951171875,1214.800048828125,1216.300048828125,6344
2014-09-30,1210.5,1218.199951171875,1204.0,1214.800048828125,680
2014-10-01,1214.5999755859375,1217.800048828125,1205.5,1207.699951171875,178
2014-10-02,1214.199951171875,1219.5,1210.300048828125,1215.300048828125,176
2014-10-03,1192.199951171875,1212.4000244140625,1191.0,1212.4000244140625,499
2014-10-06,1206.699951171875,1208.0,1182.800048828125,1187.699951171875,415
2014-10-07,1211.699951171875,1211.699951171875,1205.300048828125,1209.0999755859375,272
2014-10-08,1205.300048828125,1217.9000244140625,1205.300048828125,1210.199951171875,9
2014-10-09,1224.5999755859375,1229.0,1223.9000244140625,1223.9000244140625,19
2014-10-10,1221.0,1223.5,1217.0,1223.5,186
2014-10-13,1229.300048828125,1234.0,1227.0,1229.800048828125,103
2014-10-14,1233.5999755859375,1235.9000244140625,1233.5999755859375,1235.9000244140625,73
2014-10-15,1244.0999755859375,1247.0,1243.699951171875,1243.699951171875,250
2014-10-16,1240.5,1243.0,1236.699951171875,1242.0999755859375,6
2014-10-17,1238.300048828125,1238.300048828125,1232.5999755859375,1237.4000244140625,356
2014-10-20,1244.0,1244.0,1235.4000244140625,1237.300048828125,105
2014-10-21,1251.0,1251.0,1251.0,1251.0,48
2014-10-22,1244.800048828125,1244.800048828125,1244.800048828125,1244.800048828125,2
2014-10-23,1228.5,1228.5,1227.9000244140625,1228.0,2
2014-10-24,1231.199951171875,1232.699951171875,1229.4000244140625,1229.4000244140625,71
2014-10-27,1229.0999755859375,1230.199951171875,1227.300048828125,1230.199951171875,282
2014-10-28,1229.199951171875,1231.0,1224.699951171875,1224.9000244140625,46
2014-10-29,1224.300048828125,1224.300048828125,1224.300048828125,1224.300048828125,631
2014-10-30,1198.0999755859375,1214.699951171875,1195.800048828125,1213.699951171875,521
2014-10-31,1171.0999755859375,1199.699951171875,1161.4000244140625,1199.5999755859375,260
2014-11-03,1169.4000244140625,1172.300048828125,1163.0999755859375,1166.4000244140625,60
2014-11-04,1167.4000244140625,1171.0,1165.0,1166.9000244140625,40
2014-11-05,1145.4000244140625,1168.699951171875,1137.800048828125,1168.0999755859375,157
2014-11-06,1142.300048828125,1147.5,1137.9000244140625,1141.0999755859375,137
2014-11-07,1169.5999755859375,1169.699951171875,1133.0,1139.9000244140625,97
2014-11-10,1159.5999755859375,1171.0,1150.699951171875,1171.0,40
2014-11-11,1162.800048828125,1170.5,1151.5999755859375,1155.0,22
2014-11-12,1158.9000244140625,1168.0999755859375,1157.5,1162.5,17
2014-11-13,1161.0999755859375,1164.5,1155.0,1163.699951171875,1047
2014-11-14,1185.0,1191.0,1148.0,1155.199951171875,486
2014-11-17,1183.0,1186.9000244140625,1180.5999755859375,1183.0999755859375,17
2014-11-18,1196.699951171875,1197.0999755859375,1193.9000244140625,1197.0999755859375,2
2014-11-19,1193.5999755859375,1198.300048828125,1190.5999755859375,1196.5,23
2014-11-20,1190.699951171875,1191.9000244140625,1190.699951171875,1191.800048828125,3
2014-11-21,1197.5,1202.4000244140625,1189.0,1191.0,20
2014-11-24,1195.5,1197.9000244140625,1195.5,1197.699951171875,17
2014-11-25,1197.0999755859375,1197.0999755859375,1197.0999755859375,1197.0999755859375,210753
2014-11-26,1196.5999755859375,1201.0,1193.699951171875,1200.5,75297
2014-11-28,1175.199951171875,1198.199951171875,1163.800048828125,1197.0,11175
2014-12-01,1218.0,1220.4000244140625,1141.699951171875,1160.0,5524
2014-12-02,1199.199951171875,1212.300048828125,1191.300048828125,1212.300048828125,1236
2014-12-03,1208.5,1213.699951171875,1196.0999755859375,1198.0999755859375,440
2014-12-04,1207.5,1213.0,1201.5999755859375,1208.199951171875,358
2014-12-05,1190.0999755859375,1206.0,1186.699951171875,1203.0999755859375,560
2014-12-08,1194.699951171875,1207.0,1187.199951171875,1190.5999755859375,183
2014-12-09,1231.5,1238.0,1202.0,1202.0,314
2014-12-10,1228.9000244140625,1234.5999755859375,1226.5999755859375,1231.199951171875,306
2014-12-11,1225.0999755859375,1231.199951171875,1216.199951171875,1226.5999755859375,264
2014-12-12,1222.0,1227.800048828125,1216.199951171875,1227.800048828125,203
2014-12-15,1207.199951171875,1223.0999755859375,1198.4000244140625,1223.0999755859375,77
2014-12-16,1193.9000244140625,1222.0,1192.699951171875,1197.199951171875,223
2014-12-17,1194.300048828125,1199.5999755859375,1184.0,1198.199951171875,94
2014-12-18,1194.699951171875,1207.300048828125,1189.699951171875,1189.699951171875,197
2014-12-19,1195.9000244140625,1200.800048828125,1195.9000244140625,1198.0,96
2014-12-22,1179.699951171875,1198.0,1172.699951171875,1198.0,223
2014-12-23,1177.9000244140625,1180.300048828125,1175.0,1179.300048828125,232
2014-12-24,1173.5,1179.300048828125,1173.5,1177.0,23
2014-12-26,1195.300048828125,1195.300048828125,1177.199951171875,1177.199951171875,124
2014-12-29,1181.699951171875,1186.5,1181.300048828125,1186.5,180
2014-12-30,1200.199951171875,1210.300048828125,1181.4000244140625,1181.4000244140625,191
2014-12-31,1183.9000244140625,1199.199951171875,1182.699951171875,1199.199951171875,92
2015-01-02,1186.0,1194.5,1169.5,1184.0,138
2015-01-05,1203.9000244140625,1206.9000244140625,1180.0999755859375,1180.300048828125,470
2015-01-06,1219.300048828125,1220.0,1203.5,1203.5,97
2015-01-07,1210.5999755859375,1219.199951171875,1210.5999755859375,1219.199951171875,29
2015-01-08,1208.4000244140625,1215.699951171875,1206.300048828125,1207.0,92
2015-01-09,1216.0,1220.199951171875,1210.300048828125,1211.0999755859375,43
2015-01-12,1232.699951171875,1234.4000244140625,1219.0999755859375,1224.199951171875,100
2015-01-13,1234.300048828125,1239.300048828125,1230.300048828125,1239.199951171875,20
2015-01-14,1234.4000244140625,1243.800048828125,1225.5999755859375,1229.5999755859375,21
2015-01-15,1264.699951171875,1265.0,1227.300048828125,1231.5,130
2015-01-16,1276.9000244140625,1279.699951171875,1256.0999755859375,1256.0999755859375,44
2015-01-20,1294.199951171875,1297.300048828125,1273.800048828125,1278.9000244140625,157
2015-01-21,1293.699951171875,1303.5,1286.699951171875,1295.199951171875,78
2015-01-22,1300.699951171875,1302.0999755859375,1283.5,1293.199951171875,131
2015-01-23,1292.5999755859375,1299.800048828125,1292.5999755859375,1299.800048828125,23
2015-01-26,1279.4000244140625,1290.5999755859375,1279.4000244140625,1289.5,26
2015-01-27,1291.699951171875,1291.699951171875,1277.199951171875,1277.199951171875,20
2015-01-28,1285.9000244140625,1286.800048828125,1285.9000244140625,1285.9000244140625,180387
2015-01-29,1254.5999755859375,1285.4000244140625,1251.0,1283.300048828125,67983
2015-01-30,1278.5,1284.300048828125,1257.0,1258.0,8626
2015-02-02,1276.199951171875,1284.0999755859375,1266.0,1284.0999755859375,1654
2015-02-03,1259.699951171875,1284.699951171875,1255.300048828125,1273.5,2380
2015-02-04,1263.800048828125,1271.5999755859375,1256.800048828125,1262.0,668
2015-02-05,1262.0,1272.5999755859375,1257.800048828125,1271.800048828125,133
2015-02-06,1233.9000244140625,1267.5999755859375,1228.0,1265.0,432
2015-02-09,1240.800048828125,1242.300048828125,1235.4000244140625,1237.5,319
2015-02-10,1231.5999755859375,1245.0,1231.199951171875,1237.5,231
2015-02-11,1219.0,1237.4000244140625,1219.0,1233.300048828125,102
2015-02-12,1220.0999755859375,1229.800048828125,1217.9000244140625,1217.9000244140625,99
2015-02-13,1226.5,1232.800048828125,1222.199951171875,1222.199951171875,65
2015-02-17,1208.0999755859375,1234.0,1203.0,1227.699951171875,204
2015-02-18,1199.699951171875,1210.199951171875,1197.800048828125,1207.0999755859375,147
2015-02-19,1207.0999755859375,1220.0,1205.0,1216.5,65
2015-02-20,1204.4000244140625,1213.0999755859375,1199.0999755859375,1206.5,51
2015-02-23,1200.300048828125,1203.300048828125,1191.5999755859375,1201.300048828125,268
2015-02-24,1196.9000244140625,1203.5,1193.800048828125,1203.4000244140625,151
2015-02-25,1201.0,1204.5999755859375,1201.0,1204.300048828125,570
2015-02-26,1209.5999755859375,1219.0,1204.800048828125,1204.800048828125,560
2015-02-27,1212.5999755859375,1217.800048828125,1204.5,1207.699951171875,195
2015-03-02,1207.699951171875,1222.699951171875,1204.9000244140625,1214.300048828125,124
2015-03-03,1204.0,1212.0,1195.0,1201.5,51
2015-03-04,1200.5999755859375,1206.9000244140625,1198.0,1204.800048828125,27
2015-03-05,1195.9000244140625,1205.4000244140625,1195.9000244140625,1201.699951171875,29
2015-03-06,1164.0999755859375,1195.699951171875,1163.699951171875,1195.0,168
2015-03-09,1166.4000244140625,1174.199951171875,1166.300048828125,1169.4000244140625,45
2015-03-10,1160.0999755859375,1168.4000244140625,1156.5,1166.4000244140625,94
2015-03-11,1150.699951171875,1162.0,1147.699951171875,1162.0,74
2015-03-12,1152.0999755859375,1160.5,1149.699951171875,1155.4000244140625,63
2015-03-13,1152.5999755859375,1159.199951171875,1152.5999755859375,1158.199951171875,44
2015-03-16,1153.300048828125,1162.300048828125,1150.0999755859375,1159.699951171875,56
2015-03-17,1148.300048828125,1158.199951171875,1144.300048828125,1153.5999755859375,71
2015-03-18,1151.4000244140625,1174.300048828125,1147.0,1148.699951171875,112
2015-03-19,1169.0999755859375,1171.5999755859375,1159.300048828125,1171.5999755859375,39
2015-03-20,1184.800048828125,1185.4000244140625,1171.0,1171.0,54
2015-03-23,1188.0,1188.0,1181.199951171875,1181.5999755859375,5
2015-03-24,1191.699951171875,1193.0,1186.0,1188.0,411
2015-03-25,1197.300048828125,1199.199951171875,1192.5,1192.5,11
2015-03-26,1205.0999755859375,1213.699951171875,1198.199951171875,1198.199951171875,68
2015-03-27,1199.800048828125,1199.800048828125,1196.300048828125,1197.0,172260
2015-03-30,1184.800048828125,1198.5,1181.5999755859375,1198.0,37990
2015-03-31,1183.0999755859375,1190.0999755859375,1178.199951171875,1185.800048828125,3409
2015-04-01,1208.0999755859375,1208.199951171875,1181.0,1182.9000244140625,1632
2015-04-02,1200.9000244140625,1205.699951171875,1194.800048828125,1204.0,1684
2015-04-06,1218.5999755859375,1224.199951171875,1209.9000244140625,1209.9000244140625,343
2015-04-07,1210.5999755859375,1214.800048828125,1208.199951171875,1214.800048828125,406
2015-04-08,1203.0999755859375,1211.4000244140625,1197.5999755859375,1208.9000244140625,236
2015-04-09,1193.5999755859375,1202.5,1193.0,1201.699951171875,521
2015-04-10,1204.5999755859375,1209.5999755859375,1195.800048828125,1195.800048828125,202
2015-04-13,1199.300048828125,1208.0999755859375,1198.300048828125,1208.0999755859375,424
2015-04-14,1192.800048828125,1200.5999755859375,1184.0999755859375,1198.800048828125,546
2015-04-15,1201.5,1203.0999755859375,1188.5999755859375,1194.5999755859375,196
2015-04-16,1198.0,1208.5,1194.5999755859375,1204.300048828125,199
2015-04-17,1202.9000244140625,1206.0,1200.199951171875,1200.199951171875,21
2015-04-20,1193.5,1206.9000244140625,1191.0,1205.699951171875,67
2015-04-21,1202.9000244140625,1202.9000244140625,1192.800048828125,1193.199951171875,33
2015-04-22,1186.9000244140625,1202.5999755859375,1185.199951171875,1199.0999755859375,93
2015-04-23,1194.4000244140625,1197.0,1186.0999755859375,1187.199951171875,331
2015-04-24,1175.199951171875,1194.699951171875,1174.5999755859375,1192.300048828125,52
2015-04-27,1203.300048828125,1206.699951171875,1181.4000244140625,1182.300048828125,194
2015-04-28,1214.0,1214.0,1199.699951171875,1199.699951171875,401
2015-04-29,1209.800048828125,1212.5999755859375,1201.9000244140625,1211.199951171875,114
2015-04-30,1182.4000244140625,1205.9000244140625,1176.699951171875,1203.0999755859375,143
2015-05-01,1174.5,1178.0999755859375,1170.0,1178.0999755859375,23
2015-05-04,1186.800048828125,1189.4000244140625,1177.5,1177.5,38
2015-05-05,1193.199951171875,1198.699951171875,1186.9000244140625,1187.5,48
2015-05-06,1190.300048828125,1194.5999755859375,1189.9000244140625,1194.5,14
2015-05-07,1182.4000244140625,1186.0,1179.699951171875,1181.5,44
2015-05-08,1189.0999755859375,1189.0999755859375,1182.9000244140625,1183.300048828125,51
2015-05-11,1183.199951171875,1190.5,1179.300048828125,1189.699951171875,26
2015-05-12,1192.5999755859375,1194.800048828125,1189.699951171875,1194.5999755859375,10
2015-05-13,1218.4000244140625,1218.4000244140625,1191.0,1192.699951171875,34
2015-05-14,1225.4000244140625,1225.5999755859375,1214.5,1214.5,35
2015-05-15,1225.5,1225.5,1214.800048828125,1218.5,12
2015-05-18,1227.800048828125,1228.0999755859375,1222.5999755859375,1224.5,8
2015-05-19,1206.9000244140625,1223.9000244140625,1206.0,1223.9000244140625,9
2015-05-20,1208.9000244140625,1210.800048828125,1205.0999755859375,1205.0999755859375,11
2015-05-21,1204.4000244140625,1204.5,1203.699951171875,1204.5,43
2015-05-22,1204.300048828125,1211.9000244140625,1204.300048828125,1211.5999755859375,8
2015-05-26,1187.199951171875,1193.5999755859375,1186.0,1193.5999755859375,40
2015-05-27,1185.9000244140625,1185.9000244140625,1185.9000244140625,1185.9000244140625,200216
2015-05-28,1188.0999755859375,1192.0,1179.5999755859375,1187.0999755859375,52705
2015-05-29,1189.4000244140625,1193.300048828125,1185.699951171875,1187.800048828125,4748
2015-06-01,1188.300048828125,1204.0,1184.300048828125,1190.5999755859375,1236
2015-06-02,1194.0999755859375,1194.300048828125,1186.0,1189.0,1003
2015-06-03,1184.699951171875,1193.9000244140625,1179.0999755859375,1193.9000244140625,630
2015-06-04,1174.9000244140625,1185.300048828125,1173.0,1184.9000244140625,447
2015-06-05,1167.800048828125,1177.300048828125,1164.0,1176.4000244140625,390
2015-06-08,1173.199951171875,1176.0999755859375,1169.0999755859375,1169.5,173
2015-06-09,1177.300048828125,1180.300048828125,1172.699951171875,1172.9000244140625,144
2015-06-10,1186.0999755859375,1190.0999755859375,1175.5999755859375,1176.0999755859375,295
2015-06-11,1179.9000244140625,1183.199951171875,1174.4000244140625,1183.199951171875,69
2015-06-12,1178.800048828125,1181.199951171875,1176.199951171875,1180.4000244140625,141
2015-06-15,1185.300048828125,1188.5,1172.699951171875,1179.9000244140625,102
2015-06-16,1180.5,1186.5,1175.9000244140625,1186.5,29
2015-06-17,1176.4000244140625,1186.300048828125,1174.9000244140625,1177.5999755859375,168
2015-06-18,1201.5,1202.0,1183.4000244140625,1183.4000244140625,130
2015-06-19,1201.5,1203.0999755859375,1199.699951171875,1199.699951171875,142
2015-06-22,1183.699951171875,1197.800048828125,1182.699951171875,1197.800048828125,30
2015-06-23,1176.199951171875,1186.0,1176.199951171875,1183.800048828125,60
2015-06-24,1172.5999755859375,1176.5999755859375,1170.699951171875,1176.5999755859375,263
2015-06-25,1171.5,1175.9000244140625,1171.5,1175.800048828125,95
2015-06-26,1172.9000244140625,1172.9000244140625,1170.5,1170.5,308
2015-06-29,1178.5,1186.0,1173.800048828125,1185.0999755859375,174
2015-06-30,1171.5,1176.4000244140625,1166.5999755859375,1176.300048828125,223
2015-07-01,1169.0,1173.0999755859375,1166.5999755859375,1173.0999755859375,455
2015-07-02,1163.0,1168.0999755859375,1155.5,1166.4000244140625,316
2015-07-06,1172.9000244140625,1173.0,1162.199951171875,1171.0999755859375,634
2015-07-07,1152.4000244140625,1166.800048828125,1149.5,1166.800048828125,469
2015-07-08,1163.300048828125,1163.300048828125,1146.4000244140625,1152.5999755859375,65
2015-07-09,1159.0,1163.5999755859375,1154.800048828125,1154.800048828125,65
2015-07-10,1157.699951171875,1161.4000244140625,1157.5,1160.0999755859375,27
2015-07-13,1155.199951171875,1159.0,1151.199951171875,1159.0,14
2015-07-14,1153.300048828125,1157.199951171875,1153.0,1157.199951171875,39
2015-07-15,1147.199951171875,1154.0,1144.800048828125,1154.0,15
2015-07-16,1143.800048828125,1146.199951171875,1142.9000244140625,1146.199951171875,14
2015-07-17,1131.800048828125,1144.0,1130.199951171875,1144.0,120
2015-07-20,1106.699951171875,1130.699951171875,1095.0999755859375,1130.4000244140625,189
2015-07-21,1103.4000244140625,1106.4000244140625,1097.0999755859375,1097.0999755859375,118
2015-07-22,1091.4000244140625,1095.0,1086.0,1093.0,46
2015-07-23,1094.0,1097.5999755859375,1087.800048828125,1097.4000244140625,64
2015-07-24,1085.5999755859375,1100.699951171875,1078.5999755859375,1078.5999755859375,52
2015-07-27,1096.5,1102.5,1093.9000244140625,1100.0,19
2015-07-28,1096.300048828125,1097.699951171875,1096.300048828125,1097.199951171875,31
2015-07-29,1092.699951171875,1096.9000244140625,1092.699951171875,1096.4000244140625,159142
2015-07-30,1088.4000244140625,1097.5,1081.0,1096.0999755859375,49298
2015-07-31,1094.9000244140625,1102.800048828125,1079.0999755859375,1087.699951171875,5700
2015-08-03,1089.4000244140625,1097.0999755859375,1085.0,1095.5,2418
2015-08-04,1090.699951171875,1093.9000244140625,1080.5,1085.0999755859375,1139
2015-08-05,1085.699951171875,1090.5999755859375,1082.5,1086.5,1207
2015-08-06,1090.199951171875,1092.199951171875,1083.5999755859375,1084.4000244140625,269
2015-08-07,1094.0999755859375,1098.300048828125,1081.699951171875,1088.9000244140625,614
2015-08-10,1104.199951171875,1107.5999755859375,1089.5,1093.199951171875,900
2015-08-11,1107.5999755859375,1116.699951171875,1094.0,1103.800048828125,997
2015-08-12,1123.199951171875,1124.5,1101.5,1106.0,797
2015-08-13,1115.699951171875,1124.300048828125,1113.0,1124.300048828125,441
2015-08-14,1112.9000244140625,1118.800048828125,1112.5,1113.9000244140625,908
2015-08-17,1118.5999755859375,1122.0,1113.800048828125,1113.800048828125,399
2015-08-18,1117.0999755859375,1118.4000244140625,1110.0,1118.199951171875,475
2015-08-19,1128.0999755859375,1134.300048828125,1116.800048828125,1117.0,348
2015-08-20,1153.0,1153.300048828125,1132.800048828125,1132.800048828125,409
2015-08-21,1159.5999755859375,1166.5,1150.5,1154.0999755859375,261
2015-08-24,1153.4000244140625,1169.0,1147.5,1164.0,299
2015-08-25,1138.199951171875,1155.5,1134.0,1151.5,217
2015-08-26,1124.5999755859375,1143.0,1119.5999755859375,1139.199951171875,116
2015-08-27,1122.4000244140625,1127.4000244140625,1118.4000244140625,1127.199951171875,564
2015-08-28,1133.0999755859375,1139.0,1123.5999755859375,1125.300048828125,279
2015-08-31,1131.5999755859375,1134.0,1124.800048828125,1131.0999755859375,194
2015-09-01,1138.699951171875,1144.699951171875,1133.5,1133.5,375
2015-09-02,1132.5,1140.4000244140625,1130.800048828125,1137.300048828125,201
2015-09-03,1123.699951171875,1132.9000244140625,1120.300048828125,1130.300048828125,122
2015-09-04,1120.5999755859375,1125.199951171875,1116.199951171875,1123.4000244140625,51
2015-09-08,1120.4000244140625,1124.300048828125,1116.4000244140625,1119.800048828125,138
2015-09-09,1102.199951171875,1123.5,1102.0999755859375,1123.5,150
2015-09-10,1109.5,1113.5,1105.5,1107.300048828125,56
2015-09-11,1103.5,1111.699951171875,1098.199951171875,1110.800048828125,81
2015-09-14,1107.699951171875,1108.5999755859375,1104.0999755859375,1107.800048828125,19
2015-09-15,1102.800048828125,1104.5,1102.800048828125,1104.5,8
2015-09-16,1119.199951171875,1119.9000244140625,1109.800048828125,1109.800048828125,31
2015-09-17,1117.300048828125,1130.5,1117.0999755859375,1118.5999755859375,14
2015-09-18,1138.0999755859375,1141.199951171875,1127.800048828125,1128.300048828125,59
2015-09-21,1133.0999755859375,1138.5,1130.800048828125,1137.5999755859375,17
2015-09-22,1125.0,1135.0,1122.5,1132.5999755859375,43
2015-09-23,1131.5999755859375,1132.199951171875,1128.300048828125,1128.5999755859375,33
2015-09-24,1153.800048828125,1155.9000244140625,1133.0,1133.0,37
2015-09-25,1146.0,1149.800048828125,1143.4000244140625,1149.800048828125,56
2015-09-28,1132.0,1133.199951171875,1132.0,1133.199951171875,4346
2015-09-29,1127.0999755859375,1134.4000244140625,1124.300048828125,1132.199951171875,2417
2015-09-30,1115.5,1126.0,1112.0999755859375,1124.300048828125,865
2015-10-01,1114.199951171875,1119.0,1113.300048828125,1115.199951171875,1181
2015-10-02,1137.0999755859375,1141.199951171875,1105.800048828125,1112.199951171875,323
2015-10-05,1138.0999755859375,1141.699951171875,1132.5,1137.0999755859375,226
2015-10-06,1146.800048828125,1150.0,1136.300048828125,1136.300048828125,145
2015-10-07,1149.0,1152.9000244140625,1143.0,1147.5999755859375,104
2015-10-08,1144.699951171875,1146.699951171875,1138.699951171875,1142.699951171875,138
2015-10-09,1156.300048828125,1157.199951171875,1151.5999755859375,1151.5999755859375,22
2015-10-12,1164.9000244140625,1166.800048828125,1155.9000244140625,1155.9000244140625,40
2015-10-13,1165.800048828125,1166.199951171875,1154.9000244140625,1163.5,132
2015-10-14,1180.0999755859375,1189.0,1167.300048828125,1172.4000244140625,143
2015-10-15,1187.9000244140625,1188.300048828125,1177.800048828125,1184.199951171875,143
2015-10-16,1183.5999755859375,1184.0999755859375,1176.199951171875,1182.5,243
2015-10-19,1173.300048828125,1177.800048828125,1169.300048828125,1176.5,62
2015-10-20,1178.0,1179.0999755859375,1168.699951171875,1168.699951171875,19
2015-10-21,1167.5999755859375,1176.4000244140625,1164.9000244140625,1175.9000244140625,41
2015-10-22,1166.5999755859375,1168.5999755859375,1163.5,1166.199951171875,48
2015-10-23,1163.300048828125,1178.699951171875,1163.300048828125,1166.199951171875,38
2015-10-26,1167.0,1170.0,1163.800048828125,1165.0999755859375,176
2015-10-27,1166.800048828125,1166.800048828125,1162.0,1164.5,302
2015-10-28,1177.0999755859375,1182.699951171875,1175.0999755859375,1175.0999755859375,217
2015-10-29,1147.199951171875,1162.0,1144.9000244140625,1158.0,329
2015-10-30,1141.5,1147.5999755859375,1139.199951171875,1147.5,249
2015-11-02,1135.800048828125,1138.699951171875,1132.5999755859375,1137.9000244140625,180
2015-11-03,1114.199951171875,1134.699951171875,1114.199951171875,1133.300048828125,185
2015-11-04,1106.5,1121.9000244140625,1106.5,1119.0,141
2015-11-05,1104.4000244140625,1110.699951171875,1104.4000244140625,1107.9000244140625,84
2015-11-06,1087.5999755859375,1109.5,1084.800048828125,1105.199951171875,78
2015-11-09,1087.9000244140625,1088.5999755859375,1087.9000244140625,1088.5999755859375,5
2015-11-10,1088.199951171875,1091.300048828125,1085.0,1090.0999755859375,18
2015-11-11,1084.699951171875,1091.4000244140625,1084.199951171875,1091.4000244140625,15
2015-11-12,1080.800048828125,1086.5999755859375,1080.800048828125,1086.0,4
2015-11-13,1080.800048828125,1085.9000244140625,1080.800048828125,1083.0999755859375,23
2015-11-16,1083.699951171875,1092.4000244140625,1083.699951171875,1092.0,11
2015-11-17,1068.699951171875,1075.800048828125,1065.0999755859375,1075.5,6
2015-11-18,1068.800048828125,1071.9000244140625,1064.0,1064.0,5
2015-11-19,1078.0,1082.4000244140625,1077.4000244140625,1077.4000244140625,10
2015-11-20,1076.4000244140625,1082.9000244140625,1076.4000244140625,1082.9000244140625,5
2015-11-23,1066.800048828125,1071.5,1066.800048828125,1070.0,57
2015-11-24,1074.300048828125,1079.4000244140625,1073.199951171875,1073.199951171875,222
2015-11-25,1070.5,1072.0,1068.5,1070.199951171875,148662
2015-11-27,1056.199951171875,1074.199951171875,1051.0999755859375,1070.699951171875,52133
2015-11-30,1065.800048828125,1068.4000244140625,1052.0999755859375,1056.5,4601
2015-12-01,1063.800048828125,1074.5999755859375,1063.4000244140625,1064.5999755859375,3441
2015-12-02,1054.199951171875,1069.5,1049.5999755859375,1068.699951171875,503
2015-12-03,1061.699951171875,1064.5999755859375,1046.199951171875,1054.4000244140625,1161
2015-12-04,1084.5,1088.800048828125,1058.699951171875,1063.0,889
2015-12-07,1076.4000244140625,1086.5,1067.4000244140625,1084.9000244140625,656
2015-12-08,1076.300048828125,1078.4000244140625,1069.5999755859375,1071.0,306
2015-12-09,1077.5999755859375,1086.0,1070.5999755859375,1075.0999755859375,386
2015-12-10,1073.0999755859375,1076.300048828125,1071.699951171875,1073.0,226
2015-12-11,1076.9000244140625,1079.4000244140625,1064.4000244140625,1067.800048828125,410
2015-12-14,1064.699951171875,1076.699951171875,1060.0,1074.0,509
2015-12-15,1062.9000244140625,1066.199951171875,1061.800048828125,1064.5999755859375,220
2015-12-16,1078.0,1078.699951171875,1064.300048828125,1064.800048828125,81
2015-12-17,1050.800048828125,1072.5999755859375,1050.5,1072.5999755859375,56
2015-12-18,1066.199951171875,1070.300048828125,1052.699951171875,1053.699951171875,253
2015-12-21,1081.9000244140625,1081.9000244140625,1070.199951171875,1070.199951171875,26
2015-12-22,1074.800048828125,1078.5999755859375,1073.800048828125,1078.5999755859375,106
2015-12-23,1069.4000244140625,1074.800048828125,1069.4000244140625,1074.5,202
2015-12-24,1077.199951171875,1077.800048828125,1073.5,1074.300048828125,24
2015-12-28,1070.5,1098.800048828125,1070.5,1077.9000244140625,361
2015-12-29,1077.5,1079.699951171875,1077.5,1079.0999755859375,252
2015-12-30,1060.0999755859375,1070.199951171875,1059.699951171875,1068.5999755859375,71
2015-12-31,1060.300048828125,1062.0,1058.5,1061.9000244140625,10
2016-01-04,1075.0999755859375,1082.5,1063.199951171875,1063.4000244140625,143
2016-01-05,1078.4000244140625,1081.5,1075.300048828125,1075.5999755859375,82
2016-01-06,1091.9000244140625,1093.699951171875,1081.5999755859375,1081.5999755859375,52
2016-01-07,1107.699951171875,1109.4000244140625,1091.5999755859375,1091.5999755859375,122
2016-01-08,1097.800048828125,1111.0999755859375,1093.0,1111.0999755859375,98
2016-01-11,1096.5,1107.9000244140625,1096.5,1105.699951171875,43
2016-01-12,1085.5999755859375,1098.5,1084.0,1093.800048828125,87
2016-01-13,1087.5,1093.9000244140625,1081.5,1081.5,50
2016-01-14,1073.9000244140625,1091.5,1073.699951171875,1091.5,59
2016-01-15,1091.5,1095.800048828125,1081.800048828125,1085.0,44
2016-01-19,1089.9000244140625,1094.4000244140625,1084.9000244140625,1089.800048828125,17
2016-01-20,1107.0999755859375,1109.800048828125,1099.800048828125,1099.800048828125,30
2016-01-21,1099.0999755859375,1103.5999755859375,1094.0999755859375,1103.5999755859375,16
2016-01-22,1097.199951171875,1103.199951171875,1097.199951171875,1098.0,4
2016-01-25,1106.199951171875,1109.300048828125,1099.300048828125,1099.300048828125,8
2016-01-26,1121.699951171875,1121.699951171875,1114.300048828125,1115.0999755859375,181
2016-01-27,1116.0999755859375,1117.800048828125,1115.800048828125,1117.800048828125,168706
2016-01-28,1115.5999755859375,1125.699951171875,1109.800048828125,1125.4000244140625,52861
2016-01-29,1116.4000244140625,1118.5999755859375,1108.800048828125,1114.4000244140625,6955
2016-02-01,1127.9000244140625,1130.0,1115.300048828125,1116.699951171875,1682
2016-02-02,1127.300048828125,1131.4000244140625,1123.0,1128.300048828125,1230
2016-02-03,1141.300048828125,1146.0,1125.0,1128.5,1630
2016-02-04,1157.5999755859375,1157.5999755859375,1141.0,1142.5,771
2016-02-05,1157.800048828125,1174.800048828125,1146.0,1155.5999755859375,877
2016-02-08,1197.9000244140625,1200.4000244140625,1165.0,1173.5,931
2016-02-09,1198.699951171875,1199.199951171875,1186.699951171875,1188.699951171875,700
2016-02-10,1194.699951171875,1197.699951171875,1182.0999755859375,1189.800048828125,671
2016-02-11,1247.9000244140625,1260.800048828125,1204.5999755859375,1205.5999755859375,995
2016-02-12,1239.0999755859375,1247.800048828125,1233.5,1247.800048828125,250
2016-02-16,1207.9000244140625,1233.5999755859375,1193.5999755859375,1233.0999755859375,422
2016-02-17,1211.0999755859375,1212.9000244140625,1196.5,1196.5,53
2016-02-18,1226.0999755859375,1239.199951171875,1201.5999755859375,1209.5999755859375,315
2016-02-19,1230.4000244140625,1232.800048828125,1221.800048828125,1230.800048828125,76
2016-02-22,1209.5,1226.0999755859375,1203.0,1226.0999755859375,280
2016-02-23,1222.300048828125,1226.0999755859375,1207.4000244140625,1207.4000244140625,351
2016-02-24,1238.699951171875,1250.0999755859375,1230.0,1230.0,111
2016-02-25,1238.199951171875,1241.5,1235.0,1239.4000244140625,1349
2016-02-26,1219.800048828125,1239.0999755859375,1212.199951171875,1232.4000244140625,656
2016-02-29,1233.9000244140625,1241.0,1218.5999755859375,1218.5999755859375,580
2016-03-01,1230.300048828125,1248.4000244140625,1229.0,1240.5,477
2016-03-02,1241.0999755859375,1242.5999755859375,1226.0,1232.800048828125,267
2016-03-03,1257.4000244140625,1267.9000244140625,1238.0,1238.4000244140625,123
2016-03-04,1269.9000244140625,1279.9000244140625,1250.9000244140625,1263.0,268
2016-03-07,1263.199951171875,1272.300048828125,1259.699951171875,1259.800048828125,67
2016-03-08,1262.0999755859375,1276.300048828125,1261.0,1268.699951171875,43
2016-03-09,1256.5999755859375,1260.0,1244.800048828125,1254.5,79
2016-03-10,1272.0,1273.0,1237.5,1250.0,119
2016-03-11,1258.699951171875,1280.699951171875,1249.4000244140625,1270.0,87
2016-03-14,1244.4000244140625,1258.0,1234.5,1256.0,58
2016-03-15,1230.4000244140625,1236.0,1228.0,1228.300048828125,37
2016-03-16,1229.300048828125,1263.800048828125,1228.9000244140625,1229.5,45
2016-03-17,1264.5,1270.0999755859375,1255.9000244140625,1261.5,27
2016-03-18,1253.800048828125,1264.4000244140625,1251.5,1257.0999755859375,542
2016-03-21,1243.800048828125,1256.199951171875,1243.4000244140625,1256.199951171875,1061
2016-03-22,1248.199951171875,1252.4000244140625,1243.800048828125,1244.0,20
2016-03-23,1223.699951171875,1247.699951171875,1218.5999755859375,1247.699951171875,28
2016-03-24,1221.4000244140625,1221.4000244140625,1214.199951171875,1214.199951171875,13
2016-03-28,1219.9000244140625,1222.199951171875,1210.0,1211.5,33
2016-03-29,1235.5999755859375,1235.5999755859375,1217.699951171875,1217.800048828125,189732
2016-03-30,1226.9000244140625,1245.0,1223.4000244140625,1241.4000244140625,48248
2016-03-31,1234.199951171875,1239.5999755859375,1224.5,1225.5999755859375,3377
2016-04-01,1222.199951171875,1235.199951171875,1209.199951171875,1232.300048828125,1602
2016-04-04,1218.0,1222.300048828125,1215.0,1221.699951171875,2038
2016-04-05,1228.4000244140625,1236.699951171875,1215.4000244140625,1215.4000244140625,477
2016-04-06,1222.5,1230.4000244140625,1217.5999755859375,1230.4000244140625,248
2016-04-07,1236.199951171875,1242.9000244140625,1224.5999755859375,1224.800048828125,375
2016-04-08,1242.5,1242.800048828125,1232.0,1241.0,409
2016-04-11,1256.699951171875,1258.699951171875,1241.5,1241.5,437
2016-04-12,1259.4000244140625,1261.699951171875,1253.699951171875,1260.0,185
2016-04-13,1246.800048828125,1256.9000244140625,1241.300048828125,1256.5,203
2016-04-14,1225.0,1243.699951171875,1224.5,1231.4000244140625,264
2016-04-15,1233.0999755859375,1235.0,1225.699951171875,1225.699951171875,97
2016-04-18,1233.5999755859375,1241.0999755859375,1232.199951171875,1238.699951171875,304
2016-04-19,1253.0,1256.199951171875,1228.800048828125,1231.5999755859375,386
2016-04-20,1253.199951171875,1256.0999755859375,1243.0,1256.0999755859375,180
2016-04-21,1249.0,1270.5999755859375,1247.5999755859375,1247.699951171875,124
2016-04-22,1228.699951171875,1248.5,1228.0,1248.5,188
2016-04-25,1238.9000244140625,1240.9000244140625,1231.5999755859375,1231.5999755859375,442
2016-04-26,1242.199951171875,1244.199951171875,1233.0,1239.800048828125,97
2016-04-27,1249.199951171875,1249.5,1248.5999755859375,1248.5999755859375,547
2016-04-28,1265.5,1270.0999755859375,1238.5,1245.9000244140625,887
2016-04-29,1289.199951171875,1295.5,1267.199951171875,1267.300048828125,464
2016-05-02,1294.699951171875,1304.4000244140625,1290.4000244140625,1292.0999755859375,192
2016-05-03,1290.699951171875,1301.5,1284.5,1292.699951171875,151
2016-05-04,1273.300048828125,1290.0,1273.0,1286.9000244140625,109
2016-05-05,1271.4000244140625,1286.0,1270.800048828125,1282.9000244140625,330
2016-05-06,1292.9000244140625,1295.5999755859375,1276.9000244140625,1278.5999755859375,305
2016-05-09,1265.5999755859375,1286.5,1262.300048828125,1286.5,341
2016-05-10,1263.9000244140625,1267.4000244140625,1258.699951171875,1265.0999755859375,23
2016-05-11,1274.5999755859375,1279.199951171875,1266.9000244140625,1266.9000244140625,50
2016-05-12,1270.300048828125,1281.199951171875,1264.0,1267.0,101
2016-05-13,1271.9000244140625,1275.699951171875,1264.5999755859375,1271.4000244140625,66
2016-05-16,1273.4000244140625,1287.800048828125,1272.800048828125,1272.800048828125,44
2016-05-17,1276.199951171875,1281.5999755859375,1270.800048828125,1272.5,16
2016-05-18,1273.699951171875,1276.4000244140625,1256.800048828125,1276.4000244140625,17
2016-05-19,1254.199951171875,1255.5,1247.5,1248.0,69
2016-05-20,1252.4000244140625,1256.5999755859375,1252.4000244140625,1256.5999755859375,44
2016-05-23,1251.0999755859375,1251.5999755859375,1247.5,1251.5999755859375,56
2016-05-24,1228.9000244140625,1240.0,1228.199951171875,1240.0,20
2016-05-25,1223.5,1223.5,1218.5999755859375,1219.300048828125,5
2016-05-26,1220.0999755859375,1232.5999755859375,1220.0999755859375,1232.5999755859375,199778
2016-05-27,1213.800048828125,1223.199951171875,1206.4000244140625,1220.300048828125,63739
2016-05-31,1214.800048828125,1217.5999755859375,1199.0,1212.5,6432
2016-06-01,1211.9000244140625,1219.800048828125,1205.4000244140625,1215.699951171875,2717
2016-06-02,1209.800048828125,1217.0,1209.5999755859375,1212.4000244140625,1627
2016-06-03,1240.0999755859375,1244.5,1206.4000244140625,1209.0999755859375,1622
2016-06-06,1244.5999755859375,1247.300048828125,1240.0,1244.4000244140625,1135
2016-06-07,1244.4000244140625,1244.9000244140625,1236.5,1244.0,281
2016-06-08,1259.800048828125,1264.0,1247.300048828125,1247.5999755859375,406
2016-06-09,1270.199951171875,1271.4000244140625,1258.0999755859375,1262.5,381
2016-06-10,1273.4000244140625,1278.0,1265.300048828125,1267.5999755859375,397
2016-06-13,1284.4000244140625,1287.300048828125,1273.0,1276.199951171875,328
2016-06-14,1285.5999755859375,1289.699951171875,1277.800048828125,1281.800048828125,554
2016-06-15,1285.800048828125,1296.199951171875,1278.800048828125,1284.5999755859375,162
2016-06-16,1296.0999755859375,1316.4000244140625,1281.0999755859375,1296.300048828125,251
2016-06-17,1292.5,1300.0999755859375,1280.300048828125,1280.300048828125,129
2016-06-20,1290.0,1291.199951171875,1280.300048828125,1288.9000244140625,153
2016-06-21,1270.5,1293.9000244140625,1266.300048828125,1293.9000244140625,134
2016-06-22,1268.0,1269.199951171875,1264.9000244140625,1267.0,53
2016-06-23,1261.199951171875,1270.5,1255.199951171875,1263.4000244140625,218
2016-06-24,1320.0,1355.5999755859375,1253.699951171875,1253.699951171875,694
2016-06-27,1322.5,1331.699951171875,1320.0,1330.0,92
2016-06-28,1315.300048828125,1315.5999755859375,1314.0999755859375,1314.800048828125,1072
2016-06-29,1323.9000244140625,1327.4000244140625,1311.5999755859375,1311.5999755859375,414
2016-06-30,1318.4000244140625,1323.5,1314.5,1315.800048828125,560
2016-07-01,1336.699951171875,1344.199951171875,1321.9000244140625,1324.5,137
2016-07-05,1356.4000244140625,1356.800048828125,1339.699951171875,1342.199951171875,90
2016-07-06,1364.9000244140625,1374.9000244140625,1359.0,1359.0,130
2016-07-07,1360.0999755859375,1368.5999755859375,1350.5,1366.800048828125,207
2016-07-08,1356.5999755859375,1365.800048828125,1335.0,1361.300048828125,249
2016-07-11,1355.0,1371.800048828125,1353.0,1371.699951171875,26
2016-07-12,1334.0999755859375,1356.0,1330.300048828125,1353.5999755859375,252
2016-07-13,1342.4000244140625,1342.4000244140625,1336.699951171875,1341.5,7
2016-07-14,1331.300048828125,1341.4000244140625,1322.699951171875,1341.4000244140625,20
2016-07-15,1326.5,1333.699951171875,1322.9000244140625,1333.699951171875,52
2016-07-18,1328.4000244140625,1335.0,1326.199951171875,1327.5,54
2016-07-19,1331.5,1333.199951171875,1326.4000244140625,1328.5,322
2016-07-20,1318.800048828125,1337.5,1315.5,1331.0,751
2016-07-21,1330.5,1330.5,1312.800048828125,1312.800048828125,318
2016-07-22,1323.0999755859375,1330.699951171875,1320.4000244140625,1330.699951171875,55
2016-07-25,1319.300048828125,1319.300048828125,1313.800048828125,1315.699951171875,548
2016-07-26,1320.699951171875,1320.699951171875,1315.199951171875,1315.199951171875,63
2016-07-27,1326.5999755859375,1326.5999755859375,1326.0,1326.0,215388
2016-07-28,1332.300048828125,1344.300048828125,1330.0999755859375,1339.5,56908
2016-07-29,1349.0,1353.300048828125,1325.800048828125,1333.199951171875,6076
2016-08-01,1351.4000244140625,1353.5,1345.5999755859375,1348.800048828125,1257
2016-08-02,1364.4000244140625,1366.0,1346.5999755859375,1352.0999755859375,2941
2016-08-03,1356.0999755859375,1364.699951171875,1353.300048828125,1362.4000244140625,715
2016-08-04,1358.800048828125,1361.5999755859375,1347.0,1354.4000244140625,381
2016-08-05,1336.4000244140625,1360.800048828125,1333.699951171875,1357.5999755859375,1107
2016-08-08,1333.4000244140625,1335.4000244140625,1327.800048828125,1330.0,587
2016-08-09,1339.0,1339.4000244140625,1328.5,1331.800048828125,620
2016-08-10,1344.300048828125,1354.199951171875,1344.300048828125,1344.800048828125,110
2016-08-11,1342.5,1350.4000244140625,1334.800048828125,1341.5999755859375,666
2016-08-12,1335.800048828125,1351.800048828125,1333.199951171875,1336.800048828125,113
2016-08-15,1340.300048828125,1340.5999755859375,1333.5999755859375,1336.5,62
2016-08-16,1350.5,1355.0,1341.0,1342.199951171875,338
2016-08-17,1342.699951171875,1347.300048828125,1338.5999755859375,1345.5,135
2016-08-18,1351.199951171875,1354.4000244140625,1348.199951171875,1351.300048828125,140
2016-08-19,1340.4000244140625,1350.0999755859375,1338.5999755859375,1350.0999755859375,197
2016-08-22,1337.699951171875,1337.699951171875,1333.300048828125,1334.4000244140625,117
2016-08-23,1340.5999755859375,1341.199951171875,1334.300048828125,1337.0,551
2016-08-24,1324.4000244140625,1337.199951171875,1322.9000244140625,1337.199951171875,262
2016-08-25,1320.0999755859375,1324.0,1317.0,1321.4000244140625,58
2016-08-26,1321.5,1340.5,1320.0999755859375,1323.800048828125,141
2016-08-29,1322.9000244140625,1323.0,1315.0,1315.0,437
2016-08-30,1311.699951171875,1322.0999755859375,1308.0,1322.0,705
2016-08-31,1306.9000244140625,1313.699951171875,1306.300048828125,1310.300048828125,214
2016-09-01,1312.199951171875,1313.0999755859375,1301.5,1305.300048828125,225
2016-09-02,1322.0999755859375,1326.699951171875,1309.199951171875,1309.5999755859375,55
2016-09-06,1349.4000244140625,1349.4000244140625,1323.199951171875,1323.300048828125,46
2016-09-07,1344.300048828125,1350.5,1343.9000244140625,1348.4000244140625,14
2016-09-08,1336.800048828125,1345.4000244140625,1335.699951171875,1344.800048828125,30
2016-09-09,1330.0999755859375,1338.5,1328.0,1338.5,35
2016-09-12,1321.0,1329.300048828125,1319.9000244140625,1327.0,177
2016-09-13,1319.0,1324.5999755859375,1315.0,1324.5999755859375,79
2016-09-14,1321.5,1322.300048828125,1319.199951171875,1319.199951171875,73
2016-09-15,1313.5,1320.699951171875,1310.800048828125,1320.699951171875,37
2016-09-16,1305.800048828125,1312.5999755859375,1305.800048828125,1312.199951171875,4
2016-09-19,1313.5,1313.5,1313.5,1313.5,20
2016-09-20,1313.699951171875,1313.699951171875,1313.699951171875,1313.699951171875,97
2016-09-21,1326.9000244140625,1326.9000244140625,1324.0,1326.300048828125,76
2016-09-22,1340.4000244140625,1340.4000244140625,1338.199951171875,1338.5999755859375,23
2016-09-23,1337.199951171875,1337.199951171875,1337.199951171875,1337.199951171875,40
2016-09-26,1339.699951171875,1341.800048828125,1335.199951171875,1335.199951171875,24
2016-09-27,1325.9000244140625,1328.699951171875,1325.9000244140625,1328.0,48
2016-09-28,1319.4000244140625,1319.4000244140625,1319.4000244140625,1319.4000244140625,10551
2016-09-29,1321.699951171875,1325.0,1314.699951171875,1321.199951171875,6108
2016-09-30,1313.300048828125,1327.699951171875,1312.9000244140625,1320.5999755859375,868
2016-10-03,1309.0,1316.800048828125,1308.199951171875,1313.5,299
2016-10-04,1266.300048828125,1310.199951171875,1266.300048828125,1307.5999755859375,1893
2016-10-05,1265.199951171875,1274.0,1261.300048828125,1272.0999755859375,246
2016-10-06,1249.800048828125,1265.300048828125,1249.800048828125,1265.300048828125,114
2016-10-07,1248.9000244140625,1263.5999755859375,1248.9000244140625,1253.9000244140625,169
2016-10-11,1253.0,1258.9000244140625,1253.0,1258.9000244140625,26
2016-10-12,1251.0999755859375,1254.0,1251.0999755859375,1251.699951171875,127
2016-10-13,1255.0,1259.0,1255.0,1258.699951171875,315
2016-10-14,1253.0999755859375,1253.9000244140625,1250.5999755859375,1253.9000244140625,311
2016-10-17,1254.4000244140625,1255.0,1249.9000244140625,1249.9000244140625,41
2016-10-18,1260.800048828125,1261.699951171875,1260.800048828125,1260.9000244140625,11
2016-10-19,1267.9000244140625,1271.5,1262.9000244140625,1262.9000244140625,219
2016-10-20,1265.5999755859375,1270.5,1265.5,1270.0,415
2016-10-21,1265.9000244140625,1265.9000244140625,1265.9000244140625,1265.9000244140625,224
2016-10-24,1262.0,1269.199951171875,1261.800048828125,1269.199951171875,42
2016-10-25,1271.9000244140625,1274.0999755859375,1264.0999755859375,1264.0999755859375,61
2016-10-26,1264.800048828125,1274.0,1264.800048828125,1274.0,279
2016-10-27,1267.9000244140625,1269.4000244140625,1267.9000244140625,1269.4000244140625,338
2016-10-28,1275.5,1281.5,1262.0,1270.300048828125,560
2016-10-31,1271.5,1276.5999755859375,1271.5,1276.5999755859375,58
2016-11-01,1286.4000244140625,1290.699951171875,1279.0,1279.300048828125,49
2016-11-02,1306.800048828125,1307.0,1288.300048828125,1288.300048828125,30
2016-11-03,1302.0999755859375,1303.0999755859375,1287.300048828125,1296.4000244140625,73
2016-11-04,1303.300048828125,1303.300048828125,1296.699951171875,1300.0,11
2016-11-07,1278.300048828125,1294.5,1278.300048828125,1292.0,34
2016-11-08,1273.4000244140625,1289.4000244140625,1273.199951171875,1284.0999755859375,50
2016-11-09,1272.5999755859375,1318.5999755859375,1270.0,1272.199951171875,108
2016-11-10,1265.5,1287.5,1253.300048828125,1274.4000244140625,63
2016-11-14,1221.199951171875,1229.5,1210.4000244140625,1227.800048828125,216
2016-11-15,1224.0,1226.0,1222.5,1224.300048828125,20
2016-11-16,1223.4000244140625,1229.300048828125,1223.0,1229.300048828125,66
2016-11-17,1216.5,1225.0,1211.0,1224.5999755859375,1139
2016-11-18,1208.5,1211.9000244140625,1207.199951171875,1211.9000244140625,607
2016-11-21,1209.5999755859375,1209.5999755859375,1209.5999755859375,1209.5999755859375,19
2016-11-22,1211.0,1211.0999755859375,1207.5999755859375,1210.4000244140625,19
2016-11-23,1189.0999755859375,1213.800048828125,1186.800048828125,1212.800048828125,309
2016-11-25,1178.199951171875,1189.300048828125,1177.0,1177.0,14
2016-11-28,1190.5999755859375,1190.5999755859375,1188.0,1188.0,189914
2016-11-29,1187.9000244140625,1194.800048828125,1179.4000244140625,1193.199951171875,42124
2016-11-30,1170.800048828125,1193.300048828125,1167.9000244140625,1187.0999755859375,7158
2016-12-01,1166.9000244140625,1174.5999755859375,1160.0,1172.699951171875,1588
2016-12-02,1175.0999755859375,1177.300048828125,1166.4000244140625,1172.300048828125,1521
2016-12-05,1174.0,1186.699951171875,1157.0,1181.800048828125,358
2016-12-06,1167.5999755859375,1174.5,1167.0999755859375,1170.9000244140625,652
2016-12-07,1175.0,1178.5,1166.4000244140625,1167.699951171875,182
2016-12-08,1169.800048828125,1177.800048828125,1169.0999755859375,1173.800048828125,322
2016-12-09,1159.4000244140625,1168.800048828125,1156.0,1166.5999755859375,365
2016-12-12,1163.5,1163.9000244140625,1153.0,1158.300048828125,331
2016-12-13,1156.699951171875,1164.0,1155.4000244140625,1163.5,637
2016-12-14,1161.300048828125,1164.0,1142.0,1159.800048828125,487
2016-12-15,1127.800048828125,1143.300048828125,1123.9000244140625,1139.800048828125,244
2016-12-16,1135.300048828125,1140.9000244140625,1126.9000244140625,1126.9000244140625,146
2016-12-19,1140.5,1140.699951171875,1137.9000244140625,1139.4000244140625,249
2016-12-20,1131.5,1133.5,1126.5,1133.5,46
2016-12-21,1131.0999755859375,1136.0999755859375,1130.0,1136.0999755859375,50
2016-12-22,1128.800048828125,1132.800048828125,1128.300048828125,1131.199951171875,104
2016-12-23,1131.9000244140625,1132.800048828125,1130.300048828125,1130.9000244140625,70
2016-12-27,1137.300048828125,1142.199951171875,1134.300048828125,1134.300048828125,84
2016-12-28,1139.4000244140625,1141.199951171875,1138.0,1141.199951171875,1570
2016-12-29,1156.4000244140625,1158.800048828125,1143.5999755859375,1143.800048828125,950
2016-12-30,1150.0,1162.0,1150.0,1162.0,16
2017-01-03,1160.4000244140625,1160.800048828125,1146.5,1155.199951171875,52
2017-01-04,1163.800048828125,1165.0,1156.300048828125,1156.300048828125,36
2017-01-05,1179.699951171875,1183.300048828125,1171.5,1172.0,500
2017-01-06,1171.9000244140625,1176.5,1171.9000244140625,1176.5,16
2017-01-09,1183.5,1183.5999755859375,1173.0,1173.9000244140625,62
2017-01-10,1184.199951171875,1188.9000244140625,1182.300048828125,1184.300048828125,8
2017-01-11,1195.5999755859375,1197.0,1176.5,1187.5,20
2017-01-12,1198.9000244140625,1204.300048828125,1192.300048828125,1192.699951171875,110
2017-01-13,1195.300048828125,1196.0,1187.699951171875,1195.699951171875,65
2017-01-17,1212.0,1214.5999755859375,1200.800048828125,1205.5,79
2017-01-18,1211.300048828125,1214.699951171875,1203.0999755859375,1213.5999755859375,114
2017-01-19,1200.9000244140625,1204.0,1195.800048828125,1200.5,26
2017-01-20,1204.300048828125,1212.0999755859375,1202.800048828125,1202.800048828125,38
2017-01-23,1215.0,1215.0,1210.0,1212.0,16
2017-01-24,1210.300048828125,1219.0,1207.699951171875,1219.0,24
2017-01-25,1197.300048828125,1202.800048828125,1194.9000244140625,1202.0,403
2017-01-26,1189.5,1199.699951171875,1185.5999755859375,1199.699951171875,19
2017-01-27,1188.0999755859375,1188.300048828125,1187.9000244140625,1187.9000244140625,234352
2017-01-30,1193.199951171875,1198.5,1187.0999755859375,1191.699951171875,50503
2017-01-31,1208.5999755859375,1214.699951171875,1193.5,1194.9000244140625,3212
2017-02-01,1205.5999755859375,1211.9000244140625,1197.9000244140625,1211.9000244140625,1145
2017-02-02,1216.699951171875,1224.199951171875,1208.9000244140625,1209.699951171875,1512
2017-02-03,1218.5,1220.5999755859375,1206.199951171875,1214.9000244140625,865
2017-02-06,1230.0,1235.4000244140625,1218.5,1221.9000244140625,908
2017-02-07,1234.199951171875,1236.199951171875,1228.5,1234.199951171875,1177
2017-02-08,1237.5999755859375,1243.9000244140625,1231.0,1232.0999755859375,288
2017-02-09,1235.0999755859375,1243.5,1226.9000244140625,1239.4000244140625,885
2017-02-10,1234.4000244140625,1234.4000244140625,1221.5,1227.5999755859375,391
2017-02-13,1224.4000244140625,1231.0999755859375,1219.0,1230.5,398
2017-02-14,1223.9000244140625,1233.5,1222.0999755859375,1225.9000244140625,159
2017-02-15,1231.699951171875,1231.699951171875,1217.300048828125,1225.5,175
2017-02-16,1240.0,1240.699951171875,1233.199951171875,1234.5,87
2017-02-17,1237.5999755859375,1241.199951171875,1234.800048828125,1240.699951171875,301
2017-02-21,1237.5,1237.5,1228.0999755859375,1237.300048828125,119
2017-02-22,1232.0,1238.5999755859375,1231.800048828125,1236.0999755859375,36
2017-02-23,1250.199951171875,1250.300048828125,1236.0999755859375,1236.0999755859375,112
2017-02-24,1256.9000244140625,1258.800048828125,1250.0,1250.0,1264
2017-02-27,1257.4000244140625,1263.0999755859375,1250.4000244140625,1254.699951171875,544
2017-02-28,1252.5999755859375,1257.300048828125,1247.199951171875,1253.5999755859375,721
2017-03-01,1248.9000244140625,1248.9000244140625,1236.9000244140625,1247.800048828125,138
2017-03-02,1231.9000244140625,1247.5999755859375,1230.699951171875,1247.199951171875,79
2017-03-03,1225.5,1235.199951171875,1222.9000244140625,1231.699951171875,121
2017-03-06,1224.5,1235.199951171875,1224.5,1235.199951171875,29
2017-03-07,1215.0999755859375,1225.4000244140625,1213.699951171875,1224.300048828125,53
2017-03-08,1208.5,1212.199951171875,1206.699951171875,1212.199951171875,24
2017-03-09,1202.4000244140625,1205.5999755859375,1202.300048828125,1204.5,37
2017-03-10,1200.699951171875,1203.300048828125,1196.199951171875,1196.199951171875,3
2017-03-13,1202.4000244140625,1210.0,1202.300048828125,1206.199951171875,35
2017-03-14,1201.9000244140625,1205.9000244140625,1196.800048828125,1203.0999755859375,22
2017-03-15,1200.0999755859375,1221.199951171875,1197.699951171875,1198.199951171875,36
2017-03-16,1226.5,1231.4000244140625,1222.199951171875,1222.199951171875,47
2017-03-17,1229.800048828125,1230.9000244140625,1227.0999755859375,1227.0999755859375,26
2017-03-20,1233.5999755859375,1234.4000244140625,1229.300048828125,1229.300048828125,23
2017-03-21,1246.0999755859375,1246.0999755859375,1226.4000244140625,1226.4000244140625,11
2017-03-22,1249.300048828125,1249.5,1247.699951171875,1247.9000244140625,3
2017-03-23,1246.9000244140625,1247.5,1244.800048828125,1246.4000244140625,16
2017-03-24,1248.199951171875,1248.300048828125,1247.5999755859375,1248.0,3
2017-03-27,1255.4000244140625,1257.699951171875,1253.800048828125,1255.800048828125,72
2017-03-28,1255.300048828125,1255.9000244140625,1255.300048828125,1255.9000244140625,19
2017-03-29,1253.4000244140625,1253.4000244140625,1252.0999755859375,1252.199951171875,190678
2017-03-30,1245.0,1253.5999755859375,1241.0999755859375,1253.0999755859375,51328
2017-03-31,1247.300048828125,1248.800048828125,1238.699951171875,1242.0999755859375,8223
2017-04-03,1250.800048828125,1252.4000244140625,1243.5999755859375,1247.5,1160
2017-04-04,1255.0,1260.300048828125,1253.0,1253.0999755859375,724
2017-04-05,1245.4000244140625,1255.4000244140625,1243.0,1255.4000244140625,907
2017-04-06,1250.300048828125,1257.5,1249.0,1256.0999755859375,169
2017-04-07,1254.300048828125,1269.0999755859375,1249.5,1249.5,445
2017-04-10,1251.0999755859375,1255.199951171875,1246.800048828125,1252.699951171875,182
2017-04-11,1271.199951171875,1273.5,1254.5,1254.5,401
2017-04-12,1275.300048828125,1285.0999755859375,1272.0,1275.0,492
2017-04-13,1285.9000244140625,1287.5999755859375,1282.0,1285.300048828125,915
2017-04-17,1289.4000244140625,1294.800048828125,1284.300048828125,1291.800048828125,73
2017-04-18,1291.699951171875,1291.699951171875,1278.5999755859375,1283.9000244140625,394
2017-04-19,1281.4000244140625,1288.0,1274.0,1288.0,194
2017-04-20,1281.9000244140625,1281.9000244140625,1276.199951171875,1279.699951171875,127
2017-04-21,1287.4000244140625,1287.4000244140625,1279.199951171875,1279.800048828125,474
2017-04-24,1275.800048828125,1276.4000244140625,1265.0,1275.0,605
2017-04-25,1265.5999755859375,1276.9000244140625,1262.0999755859375,1275.5999755859375,356
2017-04-26,1262.0999755859375,1266.0,1262.0999755859375,1266.0,1156
2017-04-27,1263.699951171875,1267.199951171875,1262.199951171875,1266.699951171875,206
2017-04-28,1266.0999755859375,1267.199951171875,1264.699951171875,1265.9000244140625,85
2017-05-01,1253.300048828125,1269.300048828125,1253.300048828125,1268.699951171875,34
2017-05-02,1255.0999755859375,1256.199951171875,1251.199951171875,1256.199951171875,90
2017-05-03,1246.4000244140625,1255.800048828125,1238.699951171875,1255.0999755859375,195
2017-05-04,1226.5,1239.800048828125,1224.199951171875,1239.800048828125,72
2017-05-05,1224.800048828125,1233.699951171875,1224.800048828125,1227.0,16
2017-05-08,1225.300048828125,1234.0,1224.0,1224.0,43
2017-05-09,1214.300048828125,1226.199951171875,1214.0,1226.0999755859375,55
2017-05-10,1217.300048828125,1220.199951171875,1217.300048828125,1219.800048828125,23
2017-05-11,1222.699951171875,1222.699951171875,1218.300048828125,1218.5,13
2017-05-12,1226.199951171875,1229.5,1226.0999755859375,1228.0,29
2017-05-15,1228.5999755859375,1232.699951171875,1227.5,1227.5,13
2017-05-16,1235.0,1237.300048828125,1230.4000244140625,1230.4000244140625,20
2017-05-17,1257.5,1259.199951171875,1240.699951171875,1241.0,26
2017-05-18,1251.699951171875,1260.0,1245.800048828125,1254.800048828125,43
2017-05-19,1252.699951171875,1252.699951171875,1252.699951171875,1252.699951171875,14
2017-05-22,1260.699951171875,1260.699951171875,1251.699951171875,1251.699951171875,14
2017-05-23,1254.800048828125,1261.5999755859375,1250.5999755859375,1261.5,20
2017-05-24,1252.4000244140625,1257.800048828125,1249.699951171875,1251.9000244140625,14
2017-05-25,1255.800048828125,1258.300048828125,1255.800048828125,1257.0999755859375,11
2017-05-26,1267.5999755859375,1267.5999755859375,1267.5999755859375,1267.5999755859375,271457
2017-05-30,1262.0999755859375,1270.0,1258.4000244140625,1267.4000244140625,129819
2017-05-31,1272.0,1273.199951171875,1258.5,1262.4000244140625,2712
2017-06-01,1267.0,1269.199951171875,1260.800048828125,1268.0,825
2017-06-02,1276.800048828125,1279.0,1259.0,1265.199951171875,1732
2017-06-05,1279.300048828125,1282.0,1277.0,1279.199951171875,433
2017-06-06,1294.4000244140625,1295.199951171875,1279.4000244140625,1279.4000244140625,942
2017-06-07,1290.0999755859375,1293.0999755859375,1284.300048828125,1291.5999755859375,641
2017-06-08,1276.300048828125,1287.5999755859375,1268.0999755859375,1285.4000244140625,319
2017-06-09,1268.5,1277.9000244140625,1264.5999755859375,1277.9000244140625,467
2017-06-12,1266.0999755859375,1269.300048828125,1263.199951171875,1266.4000244140625,255
2017-06-13,1265.800048828125,1266.9000244140625,1259.699951171875,1264.0999755859375,150
2017-06-14,1272.800048828125,1278.0,1256.800048828125,1269.4000244140625,336
2017-06-15,1252.199951171875,1264.199951171875,1250.300048828125,1263.199951171875,743
2017-06-16,1254.0,1255.300048828125,1251.300048828125,1252.800048828125,34
2017-06-19,1244.199951171875,1252.199951171875,1241.9000244140625,1252.0999755859375,108
2017-06-20,1241.0,1245.5,1240.5,1242.199951171875,75
2017-06-21,1243.4000244140625,1245.0,1240.0,1244.0999755859375,205
2017-06-22,1247.5999755859375,1252.699951171875,1246.300048828125,1251.0,156
2017-06-23,1256.199951171875,1273.5999755859375,1249.800048828125,1250.0,269
2017-06-26,1246.300048828125,1260.199951171875,1241.5999755859375,1260.199951171875,194
2017-06-27,1246.4000244140625,1251.800048828125,1245.9000244140625,1251.5999755859375,111
2017-06-28,1248.0,1248.5,1248.0,1248.5,370
2017-06-29,1244.199951171875,1250.699951171875,1238.0999755859375,1248.199951171875,540
2017-06-30,1240.699951171875,1243.699951171875,1239.0999755859375,1243.699951171875,43
2017-07-03,1217.9000244140625,1236.0,1217.9000244140625,1236.0,33
2017-07-05,1220.4000244140625,1225.0,1217.0999755859375,1222.5,40
2017-07-06,1222.199951171875,1225.0999755859375,1222.199951171875,1225.0999755859375,5
2017-07-07,1208.5999755859375,1220.4000244140625,1208.5999755859375,1219.0999755859375,116
2017-07-10,1212.0999755859375,1212.0999755859375,1209.5999755859375,1211.4000244140625,28
2017-07-11,1213.5999755859375,1214.9000244140625,1208.699951171875,1208.699951171875,12
2017-07-12,1218.0999755859375,1219.4000244140625,1217.9000244140625,1218.300048828125,7
2017-07-13,1216.300048828125,1221.4000244140625,1216.300048828125,1221.4000244140625,7
2017-07-14,1226.5999755859375,1227.5,1214.800048828125,1214.9000244140625,23
2017-07-17,1232.800048828125,1233.4000244140625,1229.9000244140625,1229.9000244140625,7
2017-07-18,1241.0999755859375,1241.199951171875,1236.199951171875,1236.199951171875,29
2017-07-19,1241.199951171875,1241.199951171875,1240.0999755859375,1240.4000244140625,3
2017-07-20,1244.800048828125,1244.800048828125,1236.5999755859375,1236.5999755859375,5
2017-07-21,1254.300048828125,1254.300048828125,1250.5,1250.699951171875,16
2017-07-24,1253.9000244140625,1256.0,1253.9000244140625,1256.0,8
2017-07-25,1251.699951171875,1253.5999755859375,1249.199951171875,1252.699951171875,18
2017-07-26,1249.0,1249.0,1244.800048828125,1244.800048828125,7
2017-07-27,1259.5999755859375,1259.5999755859375,1259.5999755859375,1259.5999755859375,220309
2017-07-28,1268.4000244140625,1270.0,1256.9000244140625,1258.4000244140625,64180
2017-07-31,1266.5999755859375,1270.800048828125,1265.800048828125,1268.9000244140625,7780
2017-08-01,1272.5999755859375,1273.300048828125,1262.0,1268.4000244140625,1061
2017-08-02,1271.800048828125,1272.0999755859375,1262.9000244140625,1268.5,393
2017-08-03,1267.800048828125,1269.800048828125,1256.5999755859375,1265.9000244140625,878
2017-08-04,1258.300048828125,1269.5999755859375,1253.9000244140625,1269.0,521
2017-08-07,1258.199951171875,1259.0999755859375,1255.300048828125,1258.699951171875,260
2017-08-08,1256.4000244140625,1264.0999755859375,1251.4000244140625,1256.9000244140625,555
2017-08-09,1273.0,1277.800048828125,1260.199951171875,1260.199951171875,574
2017-08-10,1283.699951171875,1287.4000244140625,1274.9000244140625,1276.5999755859375,608
2017-08-11,1287.699951171875,1291.0999755859375,1282.0,1286.300048828125,139
2017-08-14,1284.199951171875,1288.4000244140625,1278.800048828125,1288.4000244140625,338
2017-08-15,1273.699951171875,1280.5,1267.4000244140625,1280.5,188
2017-08-16,1276.9000244140625,1282.5999755859375,1269.4000244140625,1271.300048828125,110
2017-08-17,1286.4000244140625,1288.5,1283.199951171875,1283.800048828125,43
2017-08-18,1285.699951171875,1300.699951171875,1284.300048828125,1288.5999755859375,358
2017-08-21,1290.800048828125,1290.800048828125,1284.699951171875,1285.199951171875,18
2017-08-22,1285.0999755859375,1288.4000244140625,1283.199951171875,1287.199951171875,100
2017-08-23,1288.9000244140625,1289.4000244140625,1286.9000244140625,1289.4000244140625,250
2017-08-24,1286.5,1288.699951171875,1284.0,1288.699951171875,550
2017-08-25,1292.5,1292.699951171875,1280.300048828125,1285.4000244140625,280
2017-08-28,1309.699951171875,1311.300048828125,1293.5,1293.5,145
2017-08-29,1313.0999755859375,1323.800048828125,1313.0999755859375,1318.800048828125,1178
2017-08-30,1308.0999755859375,1312.5,1304.9000244140625,1308.199951171875,1178
2017-08-31,1316.199951171875,1322.300048828125,1301.699951171875,1306.5999755859375,373
2017-09-01,1324.5,1327.699951171875,1316.9000244140625,1320.199951171875,313
2017-09-05,1339.199951171875,1339.199951171875,1328.5999755859375,1335.199951171875,39
2017-09-06,1333.9000244140625,1340.300048828125,1332.5999755859375,1340.0,20
2017-09-07,1345.0999755859375,1349.0,1336.4000244140625,1336.4000244140625,26
2017-09-08,1346.0,1355.800048828125,1345.5999755859375,1351.0,37
2017-09-11,1331.0,1331.0,1327.300048828125,1331.0,9
2017-09-12,1328.0,1328.0,1325.199951171875,1327.0,15
2017-09-13,1323.4000244140625,1323.4000244140625,1323.4000244140625,1323.4000244140625,16
2017-09-14,1324.699951171875,1329.300048828125,1319.5999755859375,1319.5999755859375,316
2017-09-15,1320.4000244140625,1321.199951171875,1319.800048828125,1320.5999755859375,15
2017-09-18,1306.300048828125,1310.4000244140625,1306.0,1309.800048828125,129
2017-09-19,1306.199951171875,1310.300048828125,1305.0999755859375,1307.9000244140625,20
2017-09-20,1312.0,1312.0,1298.699951171875,1312.0,12
2017-09-21,1290.5999755859375,1304.0999755859375,1290.300048828125,1299.0999755859375,336
2017-09-22,1293.300048828125,1295.699951171875,1293.300048828125,1295.0,209
2017-09-25,1306.800048828125,1309.199951171875,1291.0,1293.0999755859375,51
2017-09-26,1297.0,1305.5999755859375,1297.0,1304.5,39
2017-09-27,1283.4000244140625,1283.4000244140625,1283.4000244140625,1283.4000244140625,19488
2017-09-28,1285.5,1288.0,1277.0,1283.0999755859375,5226
2017-09-29,1281.5,1289.4000244140625,1281.5,1284.199951171875,492
2017-10-02,1272.699951171875,1276.0999755859375,1270.4000244140625,1275.0,136
2017-10-03,1271.5,1273.300048828125,1268.5999755859375,1269.699951171875,192
2017-10-04,1273.699951171875,1280.800048828125,1270.0,1273.800048828125,218
2017-10-05,1269.9000244140625,1277.800048828125,1267.5999755859375,1277.800048828125,36
2017-10-06,1271.5999755859375,1272.0,1260.5,1267.5999755859375,46
2017-10-09,1281.800048828125,1284.0,1279.0,1280.5999755859375,19
2017-10-10,1290.5999755859375,1293.0,1281.699951171875,1282.5999755859375,18
2017-10-11,1285.800048828125,1292.0,1284.9000244140625,1287.300048828125,21
2017-10-12,1293.300048828125,1294.5,1289.300048828125,1291.5,14
2017-10-13,1301.5,1301.699951171875,1291.699951171875,1293.300048828125,74
2017-10-16,1299.9000244140625,1303.800048828125,1291.9000244140625,1302.0,173
2017-10-17,1283.0,1295.0999755859375,1283.0,1295.0999755859375,571
2017-10-18,1279.9000244140625,1279.9000244140625,1279.9000244140625,1279.9000244140625,163
2017-10-19,1286.9000244140625,1286.9000244140625,1285.0999755859375,1286.4000244140625,134
2017-10-20,1277.4000244140625,1279.5999755859375,1277.4000244140625,1279.5999755859375,304
2017-10-23,1277.699951171875,1280.800048828125,1271.5,1274.699951171875,115
2017-10-24,1275.0,1275.5,1273.699951171875,1275.5,111
2017-10-25,1275.4000244140625,1275.4000244140625,1269.9000244140625,1269.9000244140625,105
2017-10-26,1266.300048828125,1273.5,1264.699951171875,1273.5,39
2017-10-27,1268.5,1268.5,1267.0999755859375,1268.4000244140625,567
2017-10-30,1274.0999755859375,1274.0999755859375,1267.9000244140625,1270.0,222
2017-10-31,1267.0,1274.5999755859375,1266.0999755859375,1273.0999755859375,235
2017-11-01,1274.0999755859375,1274.800048828125,1270.300048828125,1272.199951171875,78
2017-11-02,1274.9000244140625,1274.9000244140625,1274.9000244140625,1274.9000244140625,70
2017-11-03,1266.5,1267.9000244140625,1265.300048828125,1265.300048828125,75
2017-11-06,1279.4000244140625,1280.5,1269.0,1269.0,128
2017-11-07,1273.699951171875,1276.800048828125,1270.4000244140625,1276.800048828125,11
2017-11-08,1281.5999755859375,1284.9000244140625,1274.699951171875,1275.9000244140625,15
2017-11-09,1285.5999755859375,1286.9000244140625,1279.699951171875,1279.699951171875,18
2017-11-10,1272.4000244140625,1283.5,1272.4000244140625,1283.5,10
2017-11-13,1277.300048828125,1277.300048828125,1277.0,1277.300048828125,3
2017-11-14,1281.5,1281.5,1276.9000244140625,1276.9000244140625,4
2017-11-15,1276.5,1284.699951171875,1275.9000244140625,1281.4000244140625,13
2017-11-16,1277.4000244140625,1277.5,1277.4000244140625,1277.5,43
2017-11-17,1295.800048828125,1295.800048828125,1288.300048828125,1288.300048828125,1
2017-11-20,1274.5999755859375,1275.9000244140625,1274.5999755859375,1274.5999755859375,1
2017-11-21,1281.0999755859375,1281.0999755859375,1281.0999755859375,1281.0999755859375,4
2017-11-22,1291.5999755859375,1291.5999755859375,1282.9000244140625,1284.699951171875,4
2017-11-24,1286.699951171875,1286.699951171875,1286.699951171875,1286.699951171875,0
2017-11-27,1293.800048828125,1293.800048828125,1293.800048828125,1293.800048828125,1
2017-11-28,1294.699951171875,1294.699951171875,1294.699951171875,1294.699951171875,275442
2017-11-29,1282.0999755859375,1296.199951171875,1281.0999755859375,1293.4000244140625,47244
2017-11-30,1273.199951171875,1284.5,1269.699951171875,1283.0999755859375,3049
2017-12-01,1278.800048828125,1288.5999755859375,1271.0,1274.0999755859375,823
2017-12-04,1274.300048828125,1276.0999755859375,1270.300048828125,1272.5,850
2017-12-05,1261.5999755859375,1275.800048828125,1260.0,1275.4000244140625,1499
2017-12-06,1262.800048828125,1267.800048828125,1261.5999755859375,1264.9000244140625,373
2017-12-07,1249.800048828125,1262.4000244140625,1243.9000244140625,1262.300048828125,358
2017-12-08,1245.199951171875,1249.300048828125,1241.5,1246.300048828125,157
2017-12-11,1243.699951171875,1249.199951171875,1239.9000244140625,1248.4000244140625,146
2017-12-12,1238.5,1244.4000244140625,1236.5,1241.300048828125,692
2017-12-13,1245.4000244140625,1254.5,1239.800048828125,1241.9000244140625,349
2017-12-14,1253.800048828125,1257.699951171875,1250.300048828125,1252.9000244140625,139
2017-12-15,1254.300048828125,1260.300048828125,1253.0999755859375,1253.0999755859375,578
2017-12-18,1262.199951171875,1262.4000244140625,1255.699951171875,1256.199951171875,45
2017-12-19,1260.699951171875,1264.300048828125,1259.5,1261.0999755859375,329
2017-12-20,1266.0999755859375,1266.5999755859375,1261.300048828125,1261.300048828125,63
2017-12-21,1267.300048828125,1267.4000244140625,1264.300048828125,1266.4000244140625,226
2017-12-22,1275.4000244140625,1276.300048828125,1266.300048828125,1266.300048828125,119
2017-12-26,1284.0999755859375,1284.0999755859375,1281.800048828125,1282.4000244140625,84
2017-12-27,1287.0,1287.0,1284.0,1284.0,456
2017-12-28,1294.0999755859375,1294.0999755859375,1288.199951171875,1288.199951171875,245
2017-12-29,1306.300048828125,1306.300048828125,1294.0,1294.199951171875,65
2018-01-02,1313.699951171875,1317.5999755859375,1302.300048828125,1302.300048828125,68
2018-01-03,1316.199951171875,1320.0999755859375,1312.0999755859375,1320.0,42
2018-01-04,1319.4000244140625,1322.0,1319.4000244140625,1319.4000244140625,2
2018-01-05,1320.300048828125,1320.300048828125,1320.300048828125,1320.300048828125,1
2018-01-08,1318.5999755859375,1319.9000244140625,1314.5999755859375,1319.9000244140625,41
2018-01-09,1311.699951171875,1311.699951171875,1309.5999755859375,1309.5999755859375,16
2018-01-10,1317.4000244140625,1320.699951171875,1315.300048828125,1320.300048828125,70
2018-01-11,1320.5999755859375,1320.5999755859375,1316.300048828125,1317.0999755859375,9
2018-01-12,1333.4000244140625,1338.199951171875,1327.800048828125,1327.800048828125,14
2018-01-16,1335.4000244140625,1335.4000244140625,1331.0,1331.0999755859375,13
2018-01-17,1338.0,1338.0,1326.800048828125,1334.4000244140625,27
2018-01-18,1326.0,1328.9000244140625,1326.0,1328.9000244140625,211
2018-01-19,1331.9000244140625,1333.0,1330.0999755859375,1330.0999755859375,50
2018-01-22,1330.9000244140625,1330.9000244140625,1328.4000244140625,1328.4000244140625,162
2018-01-23,1335.699951171875,1335.9000244140625,1335.699951171875,1335.800048828125,47
2018-01-24,1355.9000244140625,1357.199951171875,1355.9000244140625,1355.9000244140625,18
2018-01-25,1362.4000244140625,1362.4000244140625,1346.699951171875,1356.300048828125,4
2018-01-26,1351.5999755859375,1352.0,1350.9000244140625,1351.5999755859375,280546
2018-01-30,1335.4000244140625,1347.800048828125,1332.800048828125,1338.699951171875,52100
2018-01-31,1339.0,1346.9000244140625,1331.800048828125,1337.5,4881
2018-02-01,1344.300048828125,1350.5999755859375,1336.800048828125,1343.800048828125,1680
2018-02-02,1333.699951171875,1352.0999755859375,1327.699951171875,1348.5,2841
2018-02-05,1333.0,1340.199951171875,1329.0,1331.0999755859375,641
2018-02-06,1326.0999755859375,1343.699951171875,1319.5,1338.199951171875,529
2018-02-07,1311.5999755859375,1331.0999755859375,1310.5,1325.4000244140625,491
2018-02-08,1316.9000244140625,1321.0999755859375,1307.0,1317.0999755859375,459
2018-02-09,1313.0999755859375,1322.0,1311.9000244140625,1320.9000244140625,451
2018-02-12,1324.199951171875,1325.5,1318.0,1323.800048828125,140
2018-02-13,1328.0999755859375,1329.5999755859375,1323.4000244140625,1324.5,71
2018-02-14,1355.5,1355.5,1324.0,1332.800048828125,400
2018-02-15,1352.0999755859375,1355.9000244140625,1349.699951171875,1352.0,111
2018-02-16,1353.199951171875,1361.4000244140625,1344.9000244140625,1354.0,110
2018-02-20,1328.800048828125,1350.199951171875,1328.5,1348.4000244140625,283
2018-02-21,1330.0,1331.5,1324.4000244140625,1326.800048828125,119
2018-02-22,1330.5999755859375,1331.4000244140625,1322.0,1322.0,70
2018-02-23,1328.199951171875,1332.0999755859375,1327.699951171875,1328.0,427
2018-02-26,1330.699951171875,1340.5,1330.699951171875,1335.0,652
2018-02-27,1315.5,1332.5999755859375,1312.699951171875,1331.699951171875,710
2018-02-28,1315.5,1321.0,1315.4000244140625,1315.4000244140625,58
2018-03-01,1302.9000244140625,1318.0999755859375,1301.800048828125,1310.4000244140625,43
2018-03-02,1321.0999755859375,1323.199951171875,1314.300048828125,1314.300048828125,155
2018-03-05,1318.0999755859375,1325.9000244140625,1318.0999755859375,1323.5,18
2018-03-06,1333.5999755859375,1333.5999755859375,1321.4000244140625,1321.5999755859375,18
2018-03-07,1326.0,1338.0999755859375,1326.0,1338.0999755859375,27
2018-03-08,1319.9000244140625,1326.800048828125,1319.300048828125,1324.800048828125,62
2018-03-09,1322.4000244140625,1322.4000244140625,1313.0,1316.800048828125,88
2018-03-12,1319.4000244140625,1319.4000244140625,1319.4000244140625,1319.4000244140625,0
2018-03-13,1325.9000244140625,1325.9000244140625,1325.300048828125,1325.9000244140625,13
2018-03-14,1324.4000244140625,1324.4000244140625,1322.199951171875,1322.199951171875,19
2018-03-15,1316.800048828125,1316.800048828125,1316.800048828125,1316.800048828125,0
2018-03-16,1311.300048828125,1311.300048828125,1310.0999755859375,1310.0999755859375,34
2018-03-19,1316.800048828125,1316.9000244140625,1307.300048828125,1309.4000244140625,6
2018-03-20,1311.0999755859375,1311.0999755859375,1311.0999755859375,1311.0999755859375,4
2018-03-21,1320.699951171875,1328.800048828125,1312.4000244140625,1312.4000244140625,34
2018-03-22,1326.5999755859375,1326.5999755859375,1326.5999755859375,1326.5999755859375,0
2018-03-23,1349.300048828125,1349.300048828125,1343.199951171875,1343.199951171875,8
2018-03-26,1354.4000244140625,1354.4000244140625,1345.0999755859375,1348.5,10
2018-03-27,1341.300048828125,1341.300048828125,1341.0,1341.0,290889
2018-03-28,1324.199951171875,1346.4000244140625,1322.4000244140625,1345.0,59284
2018-03-29,1322.800048828125,1327.0999755859375,1321.699951171875,1324.0,5585
2018-04-02,1342.0999755859375,1344.199951171875,1324.699951171875,1327.0,649
2018-04-03,1332.800048828125,1341.5,1328.5,1340.4000244140625,702
2018-04-04,1335.800048828125,1347.300048828125,1331.5999755859375,1331.800048828125,718
2018-04-05,1324.300048828125,1333.699951171875,1322.5999755859375,1333.5,258
2018-04-06,1331.9000244140625,1333.0,1319.0,1326.5,348
2018-04-09,1336.300048828125,1337.5,1327.0,1333.0,290
2018-04-10,1342.0,1342.0,1333.0,1335.199951171875,105
2018-04-11,1356.5,1365.4000244140625,1340.0999755859375,1340.0999755859375,118
2018-04-12,1338.4000244140625,1351.5,1334.5999755859375,1351.199951171875,34
2018-04-13,1344.800048828125,1346.0,1335.9000244140625,1335.9000244140625,67
2018-04-16,1347.5,1348.800048828125,1341.0,1341.0,60
2018-04-17,1347.199951171875,1348.0999755859375,1339.0,1348.0,409
2018-04-18,1351.199951171875,1354.199951171875,1343.5,1343.5,45
2018-04-19,1346.800048828125,1355.199951171875,1341.5999755859375,1348.5999755859375,387
2018-04-20,1336.699951171875,1343.4000244140625,1335.300048828125,1342.5,310
2018-04-23,1322.5,1334.4000244140625,1322.5,1334.0,68
2018-04-24,1331.4000244140625,1331.699951171875,1326.199951171875,1326.4000244140625,28
2018-04-25,1321.199951171875,1325.0,1320.0,1324.0,278
2018-04-26,1316.300048828125,1316.300048828125,1315.699951171875,1315.699951171875,569
2018-04-27,1320.300048828125,1321.699951171875,1312.800048828125,1315.300048828125,622
